{
  "dataset_revision": "main",
  "task_name": "SQuADKorV1Retrieval",
  "mteb_version": "1.38.1",
  "scores": {
    "test": [
      {
        "ndcg_at_1": 0.9354,
        "ndcg_at_3": 0.96944,
        "ndcg_at_5": 0.97123,
        "ndcg_at_10": 0.97181,
        "ndcg_at_20": 0.97216,
        "ndcg_at_100": 0.97233,
        "ndcg_at_1000": 0.97233,
        "map_at_1": 0.9354,
        "map_at_3": 0.96167,
        "map_at_5": 0.96266,
        "map_at_10": 0.96292,
        "map_at_20": 0.96301,
        "map_at_100": 0.96304,
        "map_at_1000": 0.96304,
        "recall_at_1": 0.9354,
        "recall_at_3": 0.99169,
        "recall_at_5": 0.99602,
        "recall_at_10": 0.99775,
        "recall_at_20": 0.99913,
        "recall_at_100": 1.0,
        "recall_at_1000": 1.0,
        "precision_at_1": 0.9354,
        "precision_at_3": 0.33056,
        "precision_at_5": 0.1992,
        "precision_at_10": 0.09977,
        "precision_at_20": 0.04996,
        "precision_at_100": 0.01,
        "precision_at_1000": 0.001,
        "mrr_at_1": 0.980083,
        "mrr_at_3": 0.986838,
        "mrr_at_5": 0.98734,
        "mrr_at_10": 0.987505,
        "mrr_at_20": 0.987598,
        "mrr_at_100": 0.987621,
        "mrr_at_1000": 0.987621,
        "nauc_ndcg_at_1_max": -0.007685,
        "nauc_ndcg_at_1_std": -0.98809,
        "nauc_ndcg_at_1_diff1": 0.918738,
        "nauc_ndcg_at_3_max": 0.051195,
        "nauc_ndcg_at_3_std": -0.952828,
        "nauc_ndcg_at_3_diff1": 0.912851,
        "nauc_ndcg_at_5_max": 0.040559,
        "nauc_ndcg_at_5_std": -0.943608,
        "nauc_ndcg_at_5_diff1": 0.915937,
        "nauc_ndcg_at_10_max": 0.029962,
        "nauc_ndcg_at_10_std": -0.941757,
        "nauc_ndcg_at_10_diff1": 0.916484,
        "nauc_ndcg_at_20_max": 0.027679,
        "nauc_ndcg_at_20_std": -0.953519,
        "nauc_ndcg_at_20_diff1": 0.916088,
        "nauc_ndcg_at_100_max": 0.02161,
        "nauc_ndcg_at_100_std": -0.965711,
        "nauc_ndcg_at_100_diff1": 0.9163,
        "nauc_ndcg_at_1000_max": 0.02161,
        "nauc_ndcg_at_1000_std": -0.965711,
        "nauc_ndcg_at_1000_diff1": 0.9163,
        "nauc_map_at_1_max": -0.007685,
        "nauc_map_at_1_std": -0.98809,
        "nauc_map_at_1_diff1": 0.918738,
        "nauc_map_at_3_max": 0.027132,
        "nauc_map_at_3_std": -0.97244,
        "nauc_map_at_3_diff1": 0.915174,
        "nauc_map_at_5_max": 0.022248,
        "nauc_map_at_5_std": -0.968587,
        "nauc_map_at_5_diff1": 0.916476,
        "nauc_map_at_10_max": 0.018726,
        "nauc_map_at_10_std": -0.968165,
        "nauc_map_at_10_diff1": 0.916651,
        "nauc_map_at_20_max": 0.018021,
        "nauc_map_at_20_std": -0.970764,
        "nauc_map_at_20_diff1": 0.916575,
        "nauc_map_at_100_max": 0.017275,
        "nauc_map_at_100_std": -0.97226,
        "nauc_map_at_100_diff1": 0.916581,
        "nauc_map_at_1000_max": 0.017275,
        "nauc_map_at_1000_std": -0.97226,
        "nauc_map_at_1000_diff1": 0.916581,
        "nauc_recall_at_1_max": -0.007685,
        "nauc_recall_at_1_std": -0.98809,
        "nauc_recall_at_1_diff1": 0.918738,
        "nauc_recall_at_3_max": 0.371641,
        "nauc_recall_at_3_std": -0.6818,
        "nauc_recall_at_3_diff1": 0.882073,
        "nauc_recall_at_5_max": 0.521579,
        "nauc_recall_at_5_std": -0.242349,
        "nauc_recall_at_5_diff1": 0.90582,
        "nauc_recall_at_10_max": 0.48832,
        "nauc_recall_at_10_std": 0.367629,
        "nauc_recall_at_10_diff1": 0.919199,
        "nauc_recall_at_20_max": 1.0,
        "nauc_recall_at_20_std": 1.0,
        "nauc_recall_at_20_diff1": 0.871613,
        "nauc_recall_at_100_max": NaN,
        "nauc_recall_at_100_std": NaN,
        "nauc_recall_at_100_diff1": NaN,
        "nauc_recall_at_1000_max": NaN,
        "nauc_recall_at_1000_std": NaN,
        "nauc_recall_at_1000_diff1": NaN,
        "nauc_precision_at_1_max": -0.007685,
        "nauc_precision_at_1_std": -0.98809,
        "nauc_precision_at_1_diff1": 0.918738,
        "nauc_precision_at_3_max": 0.371641,
        "nauc_precision_at_3_std": -0.6818,
        "nauc_precision_at_3_diff1": 0.882073,
        "nauc_precision_at_5_max": 0.521579,
        "nauc_precision_at_5_std": -0.242349,
        "nauc_precision_at_5_diff1": 0.90582,
        "nauc_precision_at_10_max": 0.48832,
        "nauc_precision_at_10_std": 0.367629,
        "nauc_precision_at_10_diff1": 0.919199,
        "nauc_precision_at_20_max": 1.0,
        "nauc_precision_at_20_std": 1.0,
        "nauc_precision_at_20_diff1": 0.871613,
        "nauc_precision_at_100_max": NaN,
        "nauc_precision_at_100_std": NaN,
        "nauc_precision_at_100_diff1": NaN,
        "nauc_precision_at_1000_max": 1.0,
        "nauc_precision_at_1000_std": 1.0,
        "nauc_precision_at_1000_diff1": 1.0,
        "nauc_mrr_at_1_max": 0.544484,
        "nauc_mrr_at_1_std": -0.179007,
        "nauc_mrr_at_1_diff1": 0.736428,
        "nauc_mrr_at_3_max": 0.557368,
        "nauc_mrr_at_3_std": -0.184213,
        "nauc_mrr_at_3_diff1": 0.753821,
        "nauc_mrr_at_5_max": 0.554023,
        "nauc_mrr_at_5_std": -0.171516,
        "nauc_mrr_at_5_diff1": 0.754569,
        "nauc_mrr_at_10_max": 0.548848,
        "nauc_mrr_at_10_std": -0.17003,
        "nauc_mrr_at_10_diff1": 0.753552,
        "nauc_mrr_at_20_max": 0.550655,
        "nauc_mrr_at_20_std": -0.171921,
        "nauc_mrr_at_20_diff1": 0.752096,
        "nauc_mrr_at_100_max": 0.549795,
        "nauc_mrr_at_100_std": -0.174162,
        "nauc_mrr_at_100_diff1": 0.751858,
        "nauc_mrr_at_1000_max": 0.549795,
        "nauc_mrr_at_1000_std": -0.174162,
        "nauc_mrr_at_1000_diff1": 0.751858,
        "main_score": 0.97181,
        "hf_subset": "default",
        "languages": [
          "kor-Hang"
        ]
      }
    ]
  },
  "evaluation_time": 2715.7310411930084,
  "kg_co2_emissions": null
}