{
  "dataset_revision": "main",
  "task_name": "WebFAQRetrieval",
  "mteb_version": "1.38.1",
  "scores": {
    "test": [
      {
        "ndcg_at_1": 0.7601,
        "ndcg_at_3": 0.84404,
        "ndcg_at_5": 0.85888,
        "ndcg_at_10": 0.86885,
        "ndcg_at_20": 0.87417,
        "ndcg_at_100": 0.87647,
        "ndcg_at_1000": 0.87647,
        "map_at_1": 0.7601,
        "map_at_3": 0.82427,
        "map_at_5": 0.83251,
        "map_at_10": 0.83667,
        "map_at_20": 0.83812,
        "map_at_100": 0.8385,
        "map_at_1000": 0.8385,
        "recall_at_1": 0.7601,
        "recall_at_3": 0.9009,
        "recall_at_5": 0.9369,
        "recall_at_10": 0.9675,
        "recall_at_20": 0.9886,
        "recall_at_100": 1.0,
        "recall_at_1000": 1.0,
        "precision_at_1": 0.7601,
        "precision_at_3": 0.3003,
        "precision_at_5": 0.18738,
        "precision_at_10": 0.09675,
        "precision_at_20": 0.04943,
        "precision_at_100": 0.01,
        "precision_at_1000": 0.001,
        "mrr_at_1": 0.858,
        "mrr_at_3": 0.88735,
        "mrr_at_5": 0.89267,
        "mrr_at_10": 0.895854,
        "mrr_at_20": 0.897212,
        "mrr_at_100": 0.897564,
        "mrr_at_1000": 0.897564,
        "nauc_ndcg_at_1_max": 0.166037,
        "nauc_ndcg_at_1_std": -0.710225,
        "nauc_ndcg_at_1_diff1": 0.759491,
        "nauc_ndcg_at_3_max": 0.211439,
        "nauc_ndcg_at_3_std": -0.732541,
        "nauc_ndcg_at_3_diff1": 0.711906,
        "nauc_ndcg_at_5_max": 0.210388,
        "nauc_ndcg_at_5_std": -0.731089,
        "nauc_ndcg_at_5_diff1": 0.720804,
        "nauc_ndcg_at_10_max": 0.209794,
        "nauc_ndcg_at_10_std": -0.725925,
        "nauc_ndcg_at_10_diff1": 0.726058,
        "nauc_ndcg_at_20_max": 0.201984,
        "nauc_ndcg_at_20_std": -0.72065,
        "nauc_ndcg_at_20_diff1": 0.728854,
        "nauc_ndcg_at_100_max": 0.198754,
        "nauc_ndcg_at_100_std": -0.724808,
        "nauc_ndcg_at_100_diff1": 0.731089,
        "nauc_ndcg_at_1000_max": 0.198754,
        "nauc_ndcg_at_1000_std": -0.724808,
        "nauc_ndcg_at_1000_diff1": 0.731089,
        "nauc_map_at_1_max": 0.166037,
        "nauc_map_at_1_std": -0.710225,
        "nauc_map_at_1_diff1": 0.759491,
        "nauc_map_at_3_max": 0.198433,
        "nauc_map_at_3_std": -0.727554,
        "nauc_map_at_3_diff1": 0.725993,
        "nauc_map_at_5_max": 0.197368,
        "nauc_map_at_5_std": -0.726707,
        "nauc_map_at_5_diff1": 0.730935,
        "nauc_map_at_10_max": 0.196881,
        "nauc_map_at_10_std": -0.724942,
        "nauc_map_at_10_diff1": 0.733034,
        "nauc_map_at_20_max": 0.195173,
        "nauc_map_at_20_std": -0.723895,
        "nauc_map_at_20_diff1": 0.733705,
        "nauc_map_at_100_max": 0.194731,
        "nauc_map_at_100_std": -0.724327,
        "nauc_map_at_100_diff1": 0.734007,
        "nauc_map_at_1000_max": 0.194731,
        "nauc_map_at_1000_std": -0.724327,
        "nauc_map_at_1000_diff1": 0.734007,
        "nauc_recall_at_1_max": 0.166037,
        "nauc_recall_at_1_std": -0.710225,
        "nauc_recall_at_1_diff1": 0.759491,
        "nauc_recall_at_3_max": 0.272099,
        "nauc_recall_at_3_std": -0.754738,
        "nauc_recall_at_3_diff1": 0.645856,
        "nauc_recall_at_5_max": 0.300125,
        "nauc_recall_at_5_std": -0.758988,
        "nauc_recall_at_5_diff1": 0.653337,
        "nauc_recall_at_10_max": 0.376201,
        "nauc_recall_at_10_std": -0.723565,
        "nauc_recall_at_10_diff1": 0.648964,
        "nauc_recall_at_20_max": 0.360665,
        "nauc_recall_at_20_std": -0.497113,
        "nauc_recall_at_20_diff1": 0.618642,
        "nauc_recall_at_100_max": NaN,
        "nauc_recall_at_100_std": NaN,
        "nauc_recall_at_100_diff1": NaN,
        "nauc_recall_at_1000_max": NaN,
        "nauc_recall_at_1000_std": NaN,
        "nauc_recall_at_1000_diff1": NaN,
        "nauc_precision_at_1_max": 0.166037,
        "nauc_precision_at_1_std": -0.710225,
        "nauc_precision_at_1_diff1": 0.759491,
        "nauc_precision_at_3_max": 0.272099,
        "nauc_precision_at_3_std": -0.754738,
        "nauc_precision_at_3_diff1": 0.645856,
        "nauc_precision_at_5_max": 0.300125,
        "nauc_precision_at_5_std": -0.758988,
        "nauc_precision_at_5_diff1": 0.653337,
        "nauc_precision_at_10_max": 0.376201,
        "nauc_precision_at_10_std": -0.723565,
        "nauc_precision_at_10_diff1": 0.648964,
        "nauc_precision_at_20_max": 0.360665,
        "nauc_precision_at_20_std": -0.497113,
        "nauc_precision_at_20_diff1": 0.618642,
        "nauc_precision_at_100_max": 1.0,
        "nauc_precision_at_100_std": 1.0,
        "nauc_precision_at_100_diff1": 1.0,
        "nauc_precision_at_1000_max": 1.0,
        "nauc_precision_at_1000_std": 1.0,
        "nauc_precision_at_1000_diff1": 1.0,
        "nauc_mrr_at_1_max": 0.490047,
        "nauc_mrr_at_1_std": -0.306083,
        "nauc_mrr_at_1_diff1": 0.525391,
        "nauc_mrr_at_3_max": 0.473645,
        "nauc_mrr_at_3_std": -0.381328,
        "nauc_mrr_at_3_diff1": 0.53727,
        "nauc_mrr_at_5_max": 0.471762,
        "nauc_mrr_at_5_std": -0.385613,
        "nauc_mrr_at_5_diff1": 0.540673,
        "nauc_mrr_at_10_max": 0.472832,
        "nauc_mrr_at_10_std": -0.38169,
        "nauc_mrr_at_10_diff1": 0.539917,
        "nauc_mrr_at_20_max": 0.473839,
        "nauc_mrr_at_20_std": -0.376304,
        "nauc_mrr_at_20_diff1": 0.538655,
        "nauc_mrr_at_100_max": 0.474154,
        "nauc_mrr_at_100_std": -0.375505,
        "nauc_mrr_at_100_diff1": 0.538449,
        "nauc_mrr_at_1000_max": 0.474154,
        "nauc_mrr_at_1000_std": -0.375505,
        "nauc_mrr_at_1000_diff1": 0.538449,
        "main_score": 0.86885,
        "hf_subset": "default",
        "languages": [
          "kor-Hang"
        ]
      }
    ]
  },
  "evaluation_time": 3217.1462063789368,
  "kg_co2_emissions": null
}