{
  "dataset_revision": "main",
  "task_name": "SQuADKorV1Retrieval",
  "mteb_version": "1.38.1",
  "scores": {
    "test": [
      {
        "ndcg_at_1": 0.89591,
        "ndcg_at_3": 0.95256,
        "ndcg_at_5": 0.95543,
        "ndcg_at_10": 0.95648,
        "ndcg_at_20": 0.95662,
        "ndcg_at_100": 0.95662,
        "ndcg_at_1000": 0.95662,
        "map_at_1": 0.89591,
        "map_at_3": 0.93967,
        "map_at_5": 0.94127,
        "map_at_10": 0.94173,
        "map_at_20": 0.94177,
        "map_at_100": 0.94177,
        "map_at_1000": 0.94177,
        "recall_at_1": 0.89591,
        "recall_at_3": 0.98944,
        "recall_at_5": 0.99636,
        "recall_at_10": 0.99948,
        "recall_at_20": 1.0,
        "recall_at_100": 1.0,
        "recall_at_1000": 1.0,
        "precision_at_1": 0.89591,
        "precision_at_3": 0.32981,
        "precision_at_5": 0.19927,
        "precision_at_10": 0.09995,
        "precision_at_20": 0.05,
        "precision_at_100": 0.01,
        "precision_at_1000": 0.001,
        "mrr_at_1": 0.97991,
        "mrr_at_3": 0.987155,
        "mrr_at_5": 0.987631,
        "mrr_at_10": 0.987903,
        "mrr_at_20": 0.987926,
        "mrr_at_100": 0.987926,
        "mrr_at_1000": 0.987926,
        "nauc_ndcg_at_1_max": -0.041257,
        "nauc_ndcg_at_1_std": -0.961807,
        "nauc_ndcg_at_1_diff1": 0.883604,
        "nauc_ndcg_at_3_max": -0.008078,
        "nauc_ndcg_at_3_std": -1.014288,
        "nauc_ndcg_at_3_diff1": 0.868256,
        "nauc_ndcg_at_5_max": -0.015419,
        "nauc_ndcg_at_5_std": -0.995974,
        "nauc_ndcg_at_5_diff1": 0.87165,
        "nauc_ndcg_at_10_max": -0.025149,
        "nauc_ndcg_at_10_std": -0.995722,
        "nauc_ndcg_at_10_diff1": 0.876434,
        "nauc_ndcg_at_20_max": -0.024693,
        "nauc_ndcg_at_20_std": -0.993391,
        "nauc_ndcg_at_20_diff1": 0.876606,
        "nauc_ndcg_at_100_max": -0.024693,
        "nauc_ndcg_at_100_std": -0.993391,
        "nauc_ndcg_at_100_diff1": 0.876606,
        "nauc_ndcg_at_1000_max": -0.024693,
        "nauc_ndcg_at_1000_std": -0.993391,
        "nauc_ndcg_at_1000_diff1": 0.876606,
        "nauc_map_at_1_max": -0.041257,
        "nauc_map_at_1_std": -0.961807,
        "nauc_map_at_1_diff1": 0.883604,
        "nauc_map_at_3_max": -0.018963,
        "nauc_map_at_3_std": -1.000133,
        "nauc_map_at_3_diff1": 0.87413,
        "nauc_map_at_5_max": -0.022565,
        "nauc_map_at_5_std": -0.991628,
        "nauc_map_at_5_diff1": 0.875641,
        "nauc_map_at_10_max": -0.025875,
        "nauc_map_at_10_std": -0.991627,
        "nauc_map_at_10_diff1": 0.877271,
        "nauc_map_at_20_max": -0.025869,
        "nauc_map_at_20_std": -0.991119,
        "nauc_map_at_20_diff1": 0.877301,
        "nauc_map_at_100_max": -0.025869,
        "nauc_map_at_100_std": -0.991119,
        "nauc_map_at_100_diff1": 0.877301,
        "nauc_map_at_1000_max": -0.025869,
        "nauc_map_at_1000_std": -0.991119,
        "nauc_map_at_1000_diff1": 0.877301,
        "nauc_recall_at_1_max": -0.041257,
        "nauc_recall_at_1_std": -0.961807,
        "nauc_recall_at_1_diff1": 0.883604,
        "nauc_recall_at_3_max": 0.163648,
        "nauc_recall_at_3_std": -1.228492,
        "nauc_recall_at_3_diff1": 0.773088,
        "nauc_recall_at_5_max": 0.287446,
        "nauc_recall_at_5_std": -1.120933,
        "nauc_recall_at_5_diff1": 0.697615,
        "nauc_recall_at_10_max": -0.249404,
        "nauc_recall_at_10_std": -1.740274,
        "nauc_recall_at_10_diff1": 0.814817,
        "nauc_recall_at_20_max": NaN,
        "nauc_recall_at_20_std": NaN,
        "nauc_recall_at_20_diff1": NaN,
        "nauc_recall_at_100_max": NaN,
        "nauc_recall_at_100_std": NaN,
        "nauc_recall_at_100_diff1": NaN,
        "nauc_recall_at_1000_max": NaN,
        "nauc_recall_at_1000_std": NaN,
        "nauc_recall_at_1000_diff1": NaN,
        "nauc_precision_at_1_max": -0.041257,
        "nauc_precision_at_1_std": -0.961807,
        "nauc_precision_at_1_diff1": 0.883604,
        "nauc_precision_at_3_max": 0.163648,
        "nauc_precision_at_3_std": -1.228492,
        "nauc_precision_at_3_diff1": 0.773088,
        "nauc_precision_at_5_max": 0.287446,
        "nauc_precision_at_5_std": -1.120933,
        "nauc_precision_at_5_diff1": 0.697615,
        "nauc_precision_at_10_max": -0.249404,
        "nauc_precision_at_10_std": -1.740274,
        "nauc_precision_at_10_diff1": 0.814817,
        "nauc_precision_at_20_max": 1.0,
        "nauc_precision_at_20_std": 1.0,
        "nauc_precision_at_20_diff1": 1.0,
        "nauc_precision_at_100_max": NaN,
        "nauc_precision_at_100_std": NaN,
        "nauc_precision_at_100_diff1": NaN,
        "nauc_precision_at_1000_max": 1.0,
        "nauc_precision_at_1000_std": 1.0,
        "nauc_precision_at_1000_diff1": 1.0,
        "nauc_mrr_at_1_max": 0.459958,
        "nauc_mrr_at_1_std": -0.421083,
        "nauc_mrr_at_1_diff1": 0.572499,
        "nauc_mrr_at_3_max": 0.460509,
        "nauc_mrr_at_3_std": -0.451891,
        "nauc_mrr_at_3_diff1": 0.562703,
        "nauc_mrr_at_5_max": 0.450609,
        "nauc_mrr_at_5_std": -0.4563,
        "nauc_mrr_at_5_diff1": 0.565237,
        "nauc_mrr_at_10_max": 0.450963,
        "nauc_mrr_at_10_std": -0.455816,
        "nauc_mrr_at_10_diff1": 0.568046,
        "nauc_mrr_at_20_max": 0.452117,
        "nauc_mrr_at_20_std": -0.453311,
        "nauc_mrr_at_20_diff1": 0.567746,
        "nauc_mrr_at_100_max": 0.452117,
        "nauc_mrr_at_100_std": -0.453311,
        "nauc_mrr_at_100_diff1": 0.567746,
        "nauc_mrr_at_1000_max": 0.452117,
        "nauc_mrr_at_1000_std": -0.453311,
        "nauc_mrr_at_1000_diff1": 0.567746,
        "main_score": 0.95648,
        "hf_subset": "default",
        "languages": [
          "kor-Hang"
        ]
      }
    ]
  },
  "evaluation_time": 7905.892911434174,
  "kg_co2_emissions": null
}