{
  "dataset_revision": "main",
  "task_name": "WebFAQRetrieval",
  "mteb_version": "1.38.1",
  "scores": {
    "test": [
      {
        "ndcg_at_1": 0.5539,
        "ndcg_at_3": 0.69928,
        "ndcg_at_5": 0.72938,
        "ndcg_at_10": 0.74934,
        "ndcg_at_20": 0.75902,
        "ndcg_at_100": 0.76476,
        "ndcg_at_1000": 0.76476,
        "map_at_1": 0.5539,
        "map_at_3": 0.66438,
        "map_at_5": 0.68113,
        "map_at_10": 0.68949,
        "map_at_20": 0.6922,
        "map_at_100": 0.69318,
        "map_at_1000": 0.69318,
        "recall_at_1": 0.5539,
        "recall_at_3": 0.7999,
        "recall_at_5": 0.8728,
        "recall_at_10": 0.9339,
        "recall_at_20": 0.9718,
        "recall_at_100": 1.0,
        "recall_at_1000": 1.0,
        "precision_at_1": 0.5539,
        "precision_at_3": 0.26663,
        "precision_at_5": 0.17456,
        "precision_at_10": 0.09339,
        "precision_at_20": 0.04859,
        "precision_at_100": 0.01,
        "precision_at_1000": 0.001,
        "mrr_at_1": 0.8957,
        "mrr_at_3": 0.9094,
        "mrr_at_5": 0.912935,
        "mrr_at_10": 0.915635,
        "mrr_at_20": 0.916918,
        "mrr_at_100": 0.917571,
        "mrr_at_1000": 0.917571,
        "nauc_ndcg_at_1_max": 0.006308,
        "nauc_ndcg_at_1_std": -0.49633,
        "nauc_ndcg_at_1_diff1": 0.727738,
        "nauc_ndcg_at_3_max": 0.006907,
        "nauc_ndcg_at_3_std": -0.507759,
        "nauc_ndcg_at_3_diff1": 0.648684,
        "nauc_ndcg_at_5_max": 0.011852,
        "nauc_ndcg_at_5_std": -0.481769,
        "nauc_ndcg_at_5_diff1": 0.651301,
        "nauc_ndcg_at_10_max": 0.008264,
        "nauc_ndcg_at_10_std": -0.472891,
        "nauc_ndcg_at_10_diff1": 0.663734,
        "nauc_ndcg_at_20_max": 0.005954,
        "nauc_ndcg_at_20_std": -0.477933,
        "nauc_ndcg_at_20_diff1": 0.67057,
        "nauc_ndcg_at_100_max": 0.007413,
        "nauc_ndcg_at_100_std": -0.488948,
        "nauc_ndcg_at_100_diff1": 0.674366,
        "nauc_ndcg_at_1000_max": 0.007413,
        "nauc_ndcg_at_1000_std": -0.488948,
        "nauc_ndcg_at_1000_diff1": 0.674366,
        "nauc_map_at_1_max": 0.006308,
        "nauc_map_at_1_std": -0.49633,
        "nauc_map_at_1_diff1": 0.727738,
        "nauc_map_at_3_max": 0.006004,
        "nauc_map_at_3_std": -0.506439,
        "nauc_map_at_3_diff1": 0.670254,
        "nauc_map_at_5_max": 0.008373,
        "nauc_map_at_5_std": -0.493785,
        "nauc_map_at_5_diff1": 0.67276,
        "nauc_map_at_10_max": 0.007317,
        "nauc_map_at_10_std": -0.490567,
        "nauc_map_at_10_diff1": 0.677667,
        "nauc_map_at_20_max": 0.006851,
        "nauc_map_at_20_std": -0.491737,
        "nauc_map_at_20_diff1": 0.679336,
        "nauc_map_at_100_max": 0.007046,
        "nauc_map_at_100_std": -0.493208,
        "nauc_map_at_100_diff1": 0.67988,
        "nauc_map_at_1000_max": 0.007046,
        "nauc_map_at_1000_std": -0.493208,
        "nauc_map_at_1000_diff1": 0.67988,
        "nauc_recall_at_1_max": 0.006308,
        "nauc_recall_at_1_std": -0.49633,
        "nauc_recall_at_1_diff1": 0.727738,
        "nauc_recall_at_3_max": 0.011076,
        "nauc_recall_at_3_std": -0.511985,
        "nauc_recall_at_3_diff1": 0.560622,
        "nauc_recall_at_5_max": 0.034438,
        "nauc_recall_at_5_std": -0.401313,
        "nauc_recall_at_5_diff1": 0.526843,
        "nauc_recall_at_10_max": 0.014895,
        "nauc_recall_at_10_std": -0.258542,
        "nauc_recall_at_10_diff1": 0.536194,
        "nauc_recall_at_20_max": -0.041644,
        "nauc_recall_at_20_std": -0.114473,
        "nauc_recall_at_20_diff1": 0.547775,
        "nauc_recall_at_100_max": NaN,
        "nauc_recall_at_100_std": NaN,
        "nauc_recall_at_100_diff1": NaN,
        "nauc_recall_at_1000_max": NaN,
        "nauc_recall_at_1000_std": NaN,
        "nauc_recall_at_1000_diff1": NaN,
        "nauc_precision_at_1_max": 0.006308,
        "nauc_precision_at_1_std": -0.49633,
        "nauc_precision_at_1_diff1": 0.727738,
        "nauc_precision_at_3_max": 0.011076,
        "nauc_precision_at_3_std": -0.511985,
        "nauc_precision_at_3_diff1": 0.560622,
        "nauc_precision_at_5_max": 0.034438,
        "nauc_precision_at_5_std": -0.401313,
        "nauc_precision_at_5_diff1": 0.526843,
        "nauc_precision_at_10_max": 0.014895,
        "nauc_precision_at_10_std": -0.258542,
        "nauc_precision_at_10_diff1": 0.536194,
        "nauc_precision_at_20_max": -0.041644,
        "nauc_precision_at_20_std": -0.114473,
        "nauc_precision_at_20_diff1": 0.547775,
        "nauc_precision_at_100_max": 1.0,
        "nauc_precision_at_100_std": 1.0,
        "nauc_precision_at_100_diff1": 1.0,
        "nauc_precision_at_1000_max": 1.0,
        "nauc_precision_at_1000_std": 1.0,
        "nauc_precision_at_1000_diff1": 1.0,
        "nauc_mrr_at_1_max": 0.232385,
        "nauc_mrr_at_1_std": -0.277081,
        "nauc_mrr_at_1_diff1": 0.170068,
        "nauc_mrr_at_3_max": 0.209067,
        "nauc_mrr_at_3_std": -0.351977,
        "nauc_mrr_at_3_diff1": 0.232223,
        "nauc_mrr_at_5_max": 0.211925,
        "nauc_mrr_at_5_std": -0.353414,
        "nauc_mrr_at_5_diff1": 0.233252,
        "nauc_mrr_at_10_max": 0.206951,
        "nauc_mrr_at_10_std": -0.354949,
        "nauc_mrr_at_10_diff1": 0.234761,
        "nauc_mrr_at_20_max": 0.206692,
        "nauc_mrr_at_20_std": -0.349651,
        "nauc_mrr_at_20_diff1": 0.232111,
        "nauc_mrr_at_100_max": 0.208958,
        "nauc_mrr_at_100_std": -0.347691,
        "nauc_mrr_at_100_diff1": 0.230129,
        "nauc_mrr_at_1000_max": 0.208958,
        "nauc_mrr_at_1000_std": -0.347691,
        "nauc_mrr_at_1000_diff1": 0.230129,
        "main_score": 0.74934,
        "hf_subset": "default",
        "languages": [
          "kor-Hang"
        ]
      }
    ]
  },
  "evaluation_time": 9110.92191696167,
  "kg_co2_emissions": null
}