{
  "dataset_revision": "75b399394a9803252cfec289d103de462763db7c",
  "task_name": "BelebeleRetrieval",
  "mteb_version": "1.38.1",
  "scores": {
    "test": [
      {
        "ndcg_at_1": 0.92444,
        "ndcg_at_3": 0.94723,
        "ndcg_at_5": 0.95407,
        "ndcg_at_10": 0.95696,
        "ndcg_at_20": 0.95897,
        "ndcg_at_100": 0.95967,
        "ndcg_at_1000": 0.95967,
        "map_at_1": 0.92444,
        "map_at_3": 0.94167,
        "map_at_5": 0.94544,
        "map_at_10": 0.94664,
        "map_at_20": 0.94722,
        "map_at_100": 0.94735,
        "map_at_1000": 0.94735,
        "recall_at_1": 0.92444,
        "recall_at_3": 0.96333,
        "recall_at_5": 0.98,
        "recall_at_10": 0.98889,
        "recall_at_20": 0.99667,
        "recall_at_100": 1.0,
        "recall_at_1000": 1.0,
        "precision_at_1": 0.92444,
        "precision_at_3": 0.32111,
        "precision_at_5": 0.196,
        "precision_at_10": 0.09889,
        "precision_at_20": 0.04983,
        "precision_at_100": 0.01,
        "precision_at_1000": 0.001,
        "mrr_at_1": 0.924444,
        "mrr_at_3": 0.941667,
        "mrr_at_5": 0.945444,
        "mrr_at_10": 0.946645,
        "mrr_at_20": 0.94722,
        "mrr_at_100": 0.947346,
        "mrr_at_1000": 0.947346,
        "nauc_ndcg_at_1_max": 0.930247,
        "nauc_ndcg_at_1_std": 0.681894,
        "nauc_ndcg_at_1_diff1": 0.958121,
        "nauc_ndcg_at_3_max": 0.928852,
        "nauc_ndcg_at_3_std": 0.71589,
        "nauc_ndcg_at_3_diff1": 0.956347,
        "nauc_ndcg_at_5_max": 0.92357,
        "nauc_ndcg_at_5_std": 0.716003,
        "nauc_ndcg_at_5_diff1": 0.953795,
        "nauc_ndcg_at_10_max": 0.923097,
        "nauc_ndcg_at_10_std": 0.712141,
        "nauc_ndcg_at_10_diff1": 0.953084,
        "nauc_ndcg_at_20_max": 0.92598,
        "nauc_ndcg_at_20_std": 0.706502,
        "nauc_ndcg_at_20_diff1": 0.953451,
        "nauc_ndcg_at_100_max": 0.927378,
        "nauc_ndcg_at_100_std": 0.703094,
        "nauc_ndcg_at_100_diff1": 0.955325,
        "nauc_ndcg_at_1000_max": 0.927378,
        "nauc_ndcg_at_1000_std": 0.703094,
        "nauc_ndcg_at_1000_diff1": 0.955325,
        "nauc_map_at_1_max": 0.930247,
        "nauc_map_at_1_std": 0.681894,
        "nauc_map_at_1_diff1": 0.958121,
        "nauc_map_at_3_max": 0.929624,
        "nauc_map_at_3_std": 0.703428,
        "nauc_map_at_3_diff1": 0.956805,
        "nauc_map_at_5_max": 0.92728,
        "nauc_map_at_5_std": 0.702512,
        "nauc_map_at_5_diff1": 0.955677,
        "nauc_map_at_10_max": 0.927264,
        "nauc_map_at_10_std": 0.701385,
        "nauc_map_at_10_diff1": 0.955507,
        "nauc_map_at_20_max": 0.927913,
        "nauc_map_at_20_std": 0.700095,
        "nauc_map_at_20_diff1": 0.955583,
        "nauc_map_at_100_max": 0.928149,
        "nauc_map_at_100_std": 0.69963,
        "nauc_map_at_100_diff1": 0.955885,
        "nauc_map_at_1000_max": 0.928149,
        "nauc_map_at_1000_std": 0.69963,
        "nauc_map_at_1000_diff1": 0.955885,
        "nauc_recall_at_1_max": 0.930247,
        "nauc_recall_at_1_std": 0.681894,
        "nauc_recall_at_1_diff1": 0.958121,
        "nauc_recall_at_3_max": 0.925091,
        "nauc_recall_at_3_std": 0.774312,
        "nauc_recall_at_3_diff1": 0.954305,
        "nauc_recall_at_5_max": 0.891716,
        "nauc_recall_at_5_std": 0.824826,
        "nauc_recall_at_5_diff1": 0.938012,
        "nauc_recall_at_10_max": 0.85901,
        "nauc_recall_at_10_std": 0.854108,
        "nauc_recall_at_10_diff1": 0.9162,
        "nauc_recall_at_20_max": 0.851385,
        "nauc_recall_at_20_std": 0.907407,
        "nauc_recall_at_20_diff1": 0.851385,
        "nauc_recall_at_100_max": NaN,
        "nauc_recall_at_100_std": NaN,
        "nauc_recall_at_100_diff1": NaN,
        "nauc_recall_at_1000_max": NaN,
        "nauc_recall_at_1000_std": NaN,
        "nauc_recall_at_1000_diff1": NaN,
        "nauc_precision_at_1_max": 0.930247,
        "nauc_precision_at_1_std": 0.681894,
        "nauc_precision_at_1_diff1": 0.958121,
        "nauc_precision_at_3_max": 0.925091,
        "nauc_precision_at_3_std": 0.774312,
        "nauc_precision_at_3_diff1": 0.954305,
        "nauc_precision_at_5_max": 0.891716,
        "nauc_precision_at_5_std": 0.824826,
        "nauc_precision_at_5_diff1": 0.938012,
        "nauc_precision_at_10_max": 0.85901,
        "nauc_precision_at_10_std": 0.854108,
        "nauc_precision_at_10_diff1": 0.9162,
        "nauc_precision_at_20_max": 0.851385,
        "nauc_precision_at_20_std": 0.907407,
        "nauc_precision_at_20_diff1": 0.851385,
        "nauc_precision_at_100_max": 1.0,
        "nauc_precision_at_100_std": 1.0,
        "nauc_precision_at_100_diff1": 1.0,
        "nauc_precision_at_1000_max": NaN,
        "nauc_precision_at_1000_std": NaN,
        "nauc_precision_at_1000_diff1": NaN,
        "nauc_mrr_at_1_max": 0.930247,
        "nauc_mrr_at_1_std": 0.681894,
        "nauc_mrr_at_1_diff1": 0.958121,
        "nauc_mrr_at_3_max": 0.929624,
        "nauc_mrr_at_3_std": 0.703428,
        "nauc_mrr_at_3_diff1": 0.956805,
        "nauc_mrr_at_5_max": 0.92728,
        "nauc_mrr_at_5_std": 0.702512,
        "nauc_mrr_at_5_diff1": 0.955677,
        "nauc_mrr_at_10_max": 0.927264,
        "nauc_mrr_at_10_std": 0.701385,
        "nauc_mrr_at_10_diff1": 0.955507,
        "nauc_mrr_at_20_max": 0.927913,
        "nauc_mrr_at_20_std": 0.700095,
        "nauc_mrr_at_20_diff1": 0.955583,
        "nauc_mrr_at_100_max": 0.928149,
        "nauc_mrr_at_100_std": 0.69963,
        "nauc_mrr_at_100_diff1": 0.955885,
        "nauc_mrr_at_1000_max": 0.928149,
        "nauc_mrr_at_1000_std": 0.69963,
        "nauc_mrr_at_1000_diff1": 0.955885,
        "main_score": 0.95696,
        "hf_subset": "kor_Hang-kor_Hang",
        "languages": [
          "kor-Hang",
          "kor-Hang"
        ]
      },
      {
        "ndcg_at_1": 0.08889,
        "ndcg_at_3": 0.09716,
        "ndcg_at_5": 0.09759,
        "ndcg_at_10": 0.09759,
        "ndcg_at_20": 0.09759,
        "ndcg_at_100": 0.09759,
        "ndcg_at_1000": 0.09759,
        "map_at_1": 0.08889,
        "map_at_3": 0.09537,
        "map_at_5": 0.09559,
        "map_at_10": 0.09559,
        "map_at_20": 0.09559,
        "map_at_100": 0.09559,
        "map_at_1000": 0.09559,
        "recall_at_1": 0.08889,
        "recall_at_3": 0.10222,
        "recall_at_5": 0.10333,
        "recall_at_10": 0.10333,
        "recall_at_20": 0.10333,
        "recall_at_100": 0.10333,
        "recall_at_1000": 0.10333,
        "precision_at_1": 0.08889,
        "precision_at_3": 0.03407,
        "precision_at_5": 0.02067,
        "precision_at_10": 0.01033,
        "precision_at_20": 0.00517,
        "precision_at_100": 0.00103,
        "precision_at_1000": 0.0001,
        "mrr_at_1": 0.088889,
        "mrr_at_3": 0.09537,
        "mrr_at_5": 0.095593,
        "mrr_at_10": 0.095593,
        "mrr_at_20": 0.095593,
        "mrr_at_100": 0.095593,
        "mrr_at_1000": 0.095593,
        "nauc_ndcg_at_1_max": 0.856238,
        "nauc_ndcg_at_1_std": 0.811232,
        "nauc_ndcg_at_1_diff1": 0.823206,
        "nauc_ndcg_at_3_max": 0.822711,
        "nauc_ndcg_at_3_std": 0.790338,
        "nauc_ndcg_at_3_diff1": 0.74403,
        "nauc_ndcg_at_5_max": 0.819387,
        "nauc_ndcg_at_5_std": 0.787707,
        "nauc_ndcg_at_5_diff1": 0.741536,
        "nauc_ndcg_at_10_max": 0.819387,
        "nauc_ndcg_at_10_std": 0.787707,
        "nauc_ndcg_at_10_diff1": 0.741536,
        "nauc_ndcg_at_20_max": 0.819387,
        "nauc_ndcg_at_20_std": 0.787707,
        "nauc_ndcg_at_20_diff1": 0.741536,
        "nauc_ndcg_at_100_max": 0.819387,
        "nauc_ndcg_at_100_std": 0.787707,
        "nauc_ndcg_at_100_diff1": 0.741536,
        "nauc_ndcg_at_1000_max": 0.819387,
        "nauc_ndcg_at_1000_std": 0.787707,
        "nauc_ndcg_at_1000_diff1": 0.741536,
        "nauc_map_at_1_max": 0.856238,
        "nauc_map_at_1_std": 0.811232,
        "nauc_map_at_1_diff1": 0.823206,