{
  "dataset_revision": "d243889a3eb6654029dbd7e7f9319ae31d58f97c",
  "task_name": "Ko-StrategyQA",
  "mteb_version": "1.38.1",
  "scores": {
    "dev": [
      {
        "ndcg_at_1": 0.79392,
        "ndcg_at_3": 0.78319,
        "ndcg_at_5": 0.81553,
        "ndcg_at_10": 0.84413,
        "ndcg_at_20": 0.85815,
        "ndcg_at_100": 0.86823,
        "ndcg_at_1000": 0.86823,
        "map_at_1": 0.51609,
        "map_at_3": 0.73998,
        "map_at_5": 0.7738,
        "map_at_10": 0.79297,
        "map_at_20": 0.79892,
        "map_at_100": 0.80219,
        "map_at_1000": 0.80219,
        "recall_at_1": 0.51609,
        "recall_at_3": 0.78651,
        "recall_at_5": 0.85382,
        "recall_at_10": 0.92255,
        "recall_at_20": 0.96478,
        "recall_at_100": 1.0,
        "recall_at_1000": 1.0,
        "precision_at_1": 0.79392,
        "precision_at_3": 0.46622,
        "precision_at_5": 0.31351,
        "precision_at_10": 0.17297,
        "precision_at_20": 0.09164,
        "precision_at_100": 0.01934,
        "precision_at_1000": 0.00193,
        "mrr_at_1": 0.793919,
        "mrr_at_3": 0.842061,
        "mrr_at_5": 0.848564,
        "mrr_at_10": 0.852993,
        "mrr_at_20": 0.855165,
        "mrr_at_100": 0.855493,
        "mrr_at_1000": 0.855493,
        "nauc_ndcg_at_1_max": 0.635011,
        "nauc_ndcg_at_1_std": 0.270684,
        "nauc_ndcg_at_1_diff1": 0.657377,
        "nauc_ndcg_at_3_max": 0.62001,
        "nauc_ndcg_at_3_std": 0.329704,
        "nauc_ndcg_at_3_diff1": 0.582365,
        "nauc_ndcg_at_5_max": 0.645722,
        "nauc_ndcg_at_5_std": 0.388977,
        "nauc_ndcg_at_5_diff1": 0.583624,
        "nauc_ndcg_at_10_max": 0.668969,
        "nauc_ndcg_at_10_std": 0.393999,
        "nauc_ndcg_at_10_diff1": 0.614466,
        "nauc_ndcg_at_20_max": 0.656429,
        "nauc_ndcg_at_20_std": 0.378069,
        "nauc_ndcg_at_20_diff1": 0.613264,
        "nauc_ndcg_at_100_max": 0.642689,
        "nauc_ndcg_at_100_std": 0.348912,
        "nauc_ndcg_at_100_diff1": 0.605578,
        "nauc_ndcg_at_1000_max": 0.642689,
        "nauc_ndcg_at_1000_std": 0.348912,
        "nauc_ndcg_at_1000_diff1": 0.605578,
        "nauc_map_at_1_max": 0.403921,
        "nauc_map_at_1_std": 0.004765,
        "nauc_map_at_1_diff1": 0.611478,
        "nauc_map_at_3_max": 0.591268,
        "nauc_map_at_3_std": 0.278715,
        "nauc_map_at_3_diff1": 0.572438,
        "nauc_map_at_5_max": 0.612245,
        "nauc_map_at_5_std": 0.328769,
        "nauc_map_at_5_diff1": 0.571491,
        "nauc_map_at_10_max": 0.62756,
        "nauc_map_at_10_std": 0.332981,
        "nauc_map_at_10_diff1": 0.588413,
        "nauc_map_at_20_max": 0.623148,
        "nauc_map_at_20_std": 0.328726,
        "nauc_map_at_20_diff1": 0.587861,
        "nauc_map_at_100_max": 0.619664,
        "nauc_map_at_100_std": 0.320955,
        "nauc_map_at_100_diff1": 0.586078,
        "nauc_map_at_1000_max": 0.619664,
        "nauc_map_at_1000_std": 0.320955,
        "nauc_map_at_1000_diff1": 0.586078,
        "nauc_recall_at_1_max": 0.403921,
        "nauc_recall_at_1_std": 0.004765,
        "nauc_recall_at_1_diff1": 0.611478,
        "nauc_recall_at_3_max": 0.603723,
        "nauc_recall_at_3_std": 0.365453,
        "nauc_recall_at_3_diff1": 0.54005,
        "nauc_recall_at_5_max": 0.66221,
        "nauc_recall_at_5_std": 0.505923,
        "nauc_recall_at_5_diff1": 0.532543,
        "nauc_recall_at_10_max": 0.775532,
        "nauc_recall_at_10_std": 0.606941,
        "nauc_recall_at_10_diff1": 0.641039,
        "nauc_recall_at_20_max": 0.799711,
        "nauc_recall_at_20_std": 0.692255,
        "nauc_recall_at_20_diff1": 0.695116,
        "nauc_recall_at_100_max": NaN,
        "nauc_recall_at_100_std": NaN,
        "nauc_recall_at_100_diff1": NaN,
        "nauc_recall_at_1000_max": NaN,
        "nauc_recall_at_1000_std": NaN,
        "nauc_recall_at_1000_diff1": NaN,
        "nauc_precision_at_1_max": 0.635011,
        "nauc_precision_at_1_std": 0.270684,
        "nauc_precision_at_1_diff1": 0.657377,
        "nauc_precision_at_3_max": 0.213905,
        "nauc_precision_at_3_std": 0.373034,
        "nauc_precision_at_3_diff1": -0.067947,
        "nauc_precision_at_5_max": 0.095454,
        "nauc_precision_at_5_std": 0.333382,
        "nauc_precision_at_5_diff1": -0.173264,
        "nauc_precision_at_10_max": -0.018267,
        "nauc_precision_at_10_std": 0.253312,
        "nauc_precision_at_10_diff1": -0.262966,
        "nauc_precision_at_20_max": -0.130126,
        "nauc_precision_at_20_std": 0.173712,
        "nauc_precision_at_20_diff1": -0.349262,
        "nauc_precision_at_100_max": -0.23982,
        "nauc_precision_at_100_std": 0.059441,
        "nauc_precision_at_100_diff1": -0.429882,
        "nauc_precision_at_1000_max": -0.23982,
        "nauc_precision_at_1000_std": 0.059441,
        "nauc_precision_at_1000_diff1": -0.429882,
        "nauc_mrr_at_1_max": 0.635011,
        "nauc_mrr_at_1_std": 0.270684,
        "nauc_mrr_at_1_diff1": 0.657377,
        "nauc_mrr_at_3_max": 0.691053,
        "nauc_mrr_at_3_std": 0.391981,
        "nauc_mrr_at_3_diff1": 0.659255,
        "nauc_mrr_at_5_max": 0.689549,
        "nauc_mrr_at_5_std": 0.388383,
        "nauc_mrr_at_5_diff1": 0.661622,
        "nauc_mrr_at_10_max": 0.685171,
        "nauc_mrr_at_10_std": 0.375351,
        "nauc_mrr_at_10_diff1": 0.663683,
        "nauc_mrr_at_20_max": 0.681746,
        "nauc_mrr_at_20_std": 0.369189,
        "nauc_mrr_at_20_diff1": 0.662291,
        "nauc_mrr_at_100_max": 0.681311,
        "nauc_mrr_at_100_std": 0.368684,
        "nauc_mrr_at_100_diff1": 0.661884,
        "nauc_mrr_at_1000_max": 0.681311,
        "nauc_mrr_at_1000_std": 0.368684,
        "nauc_mrr_at_1000_diff1": 0.661884,
        "main_score": 0.84413,
        "hf_subset": "default",
        "languages": [
          "kor-Hang"
        ]
      }
    ]
  },
  "evaluation_time": 124.04192566871643,
  "kg_co2_emissions": null
}