{
  "dataset_revision": "main",
  "task_name": "MIRACLRetrieval",
  "mteb_version": "1.38.1",
  "scores": {
    "dev": [
      {
        "ndcg_at_1": 0.83099,
        "ndcg_at_3": 0.84244,
        "ndcg_at_5": 0.85003,
        "ndcg_at_10": 0.88146,
        "ndcg_at_20": 0.89626,
        "ndcg_at_100": 0.89922,
        "ndcg_at_1000": 0.89922,
        "map_at_1": 0.52689,
        "map_at_3": 0.72316,
        "map_at_5": 0.77704,
        "map_at_10": 0.82291,
        "map_at_20": 0.83617,
        "map_at_100": 0.83753,
        "map_at_1000": 0.83753,
        "recall_at_1": 0.52689,
        "recall_at_3": 0.77834,
        "recall_at_5": 0.86446,
        "recall_at_10": 0.95459,
        "recall_at_20": 0.99017,
        "recall_at_100": 1.0,
        "recall_at_1000": 1.0,
        "precision_at_1": 0.83099,
        "precision_at_3": 0.51956,
        "precision_at_5": 0.3784,
        "precision_at_10": 0.23427,
        "precision_at_20": 0.12653,
        "precision_at_100": 0.02568,
        "precision_at_1000": 0.00257,
        "mrr_at_1": 0.830986,
        "mrr_at_3": 0.888889,
        "mrr_at_5": 0.892879,
        "mrr_at_10": 0.894914,
        "mrr_at_20": 0.895305,
        "mrr_at_100": 0.895486,
        "mrr_at_1000": 0.895486,
        "nauc_ndcg_at_1_max": 0.308671,
        "nauc_ndcg_at_1_std": -0.182196,
        "nauc_ndcg_at_1_diff1": 0.588072,
        "nauc_ndcg_at_3_max": 0.284519,
        "nauc_ndcg_at_3_std": -0.272087,
        "nauc_ndcg_at_3_diff1": 0.534727,
        "nauc_ndcg_at_5_max": 0.217265,
        "nauc_ndcg_at_5_std": -0.324652,
        "nauc_ndcg_at_5_diff1": 0.503817,
        "nauc_ndcg_at_10_max": 0.227108,
        "nauc_ndcg_at_10_std": -0.259875,
        "nauc_ndcg_at_10_diff1": 0.520355,
        "nauc_ndcg_at_20_max": 0.297071,
        "nauc_ndcg_at_20_std": -0.191707,
        "nauc_ndcg_at_20_diff1": 0.534993,
        "nauc_ndcg_at_100_max": 0.292468,
        "nauc_ndcg_at_100_std": -0.204426,
        "nauc_ndcg_at_100_diff1": 0.533583,
        "nauc_ndcg_at_1000_max": 0.292468,
        "nauc_ndcg_at_1000_std": -0.204426,
        "nauc_ndcg_at_1000_diff1": 0.533583,
        "nauc_map_at_1_max": 0.222824,
        "nauc_map_at_1_std": -0.422258,
        "nauc_map_at_1_diff1": 0.604461,
        "nauc_map_at_3_max": 0.134198,
        "nauc_map_at_3_std": -0.524919,
        "nauc_map_at_3_diff1": 0.539368,
        "nauc_map_at_5_max": 0.135756,
        "nauc_map_at_5_std": -0.469483,
        "nauc_map_at_5_diff1": 0.507356,
        "nauc_map_at_10_max": 0.192247,
        "nauc_map_at_10_std": -0.330994,
        "nauc_map_at_10_diff1": 0.508223,
        "nauc_map_at_20_max": 0.244666,
        "nauc_map_at_20_std": -0.269204,
        "nauc_map_at_20_diff1": 0.513573,
        "nauc_map_at_100_max": 0.245917,
        "nauc_map_at_100_std": -0.270242,
        "nauc_map_at_100_diff1": 0.51392,
        "nauc_map_at_1000_max": 0.245917,
        "nauc_map_at_1000_std": -0.270242,
        "nauc_map_at_1000_diff1": 0.51392,
        "nauc_recall_at_1_max": 0.222824,
        "nauc_recall_at_1_std": -0.422258,
        "nauc_recall_at_1_diff1": 0.604461,
        "nauc_recall_at_3_max": 0.057093,
        "nauc_recall_at_3_std": -0.605464,
        "nauc_recall_at_3_diff1": 0.500662,
        "nauc_recall_at_5_max": -0.042119,
        "nauc_recall_at_5_std": -0.638641,
        "nauc_recall_at_5_diff1": 0.413855,
        "nauc_recall_at_10_max": 0.015066,
        "nauc_recall_at_10_std": -0.296623,
        "nauc_recall_at_10_diff1": 0.408429,
        "nauc_recall_at_20_max": 0.558315,
        "nauc_recall_at_20_std": 0.417661,
        "nauc_recall_at_20_diff1": 0.553891,
        "nauc_recall_at_100_max": NaN,
        "nauc_recall_at_100_std": NaN,
        "nauc_recall_at_100_diff1": NaN,
        "nauc_recall_at_1000_max": NaN,
        "nauc_recall_at_1000_std": NaN,
        "nauc_recall_at_1000_diff1": NaN,
        "nauc_precision_at_1_max": 0.308671,
        "nauc_precision_at_1_std": -0.182196,
        "nauc_precision_at_1_diff1": 0.588072,
        "nauc_precision_at_3_max": -0.023712,
        "nauc_precision_at_3_std": 0.318862,
        "nauc_precision_at_3_diff1": -0.277271,
        "nauc_precision_at_5_max": -0.019889,
        "nauc_precision_at_5_std": 0.445105,
        "nauc_precision_at_5_diff1": -0.349264,
        "nauc_precision_at_10_max": 0.029587,
        "nauc_precision_at_10_std": 0.555148,
        "nauc_precision_at_10_diff1": -0.343048,
        "nauc_precision_at_20_max": 0.078435,
        "nauc_precision_at_20_std": 0.588193,
        "nauc_precision_at_20_diff1": -0.337682,
        "nauc_precision_at_100_max": 0.075233,
        "nauc_precision_at_100_std": 0.576259,
        "nauc_precision_at_100_diff1": -0.337957,
        "nauc_precision_at_1000_max": 0.075233,
        "nauc_precision_at_1000_std": 0.576259,
        "nauc_precision_at_1000_diff1": -0.337957,
        "nauc_mrr_at_1_max": 0.308671,
        "nauc_mrr_at_1_std": -0.182196,
        "nauc_mrr_at_1_diff1": 0.588072,
        "nauc_mrr_at_3_max": 0.335428,
        "nauc_mrr_at_3_std": -0.144818,
        "nauc_mrr_at_3_diff1": 0.569366,
        "nauc_mrr_at_5_max": 0.32437,
        "nauc_mrr_at_5_std": -0.170983,
        "nauc_mrr_at_5_diff1": 0.578129,
        "nauc_mrr_at_10_max": 0.327991,
        "nauc_mrr_at_10_std": -0.153709,
        "nauc_mrr_at_10_diff1": 0.572587,
        "nauc_mrr_at_20_max": 0.325875,
        "nauc_mrr_at_20_std": -0.157132,
        "nauc_mrr_at_20_diff1": 0.57266,
        "nauc_mrr_at_100_max": 0.324656,
        "nauc_mrr_at_100_std": -0.159223,
        "nauc_mrr_at_100_diff1": 0.57239,
        "nauc_mrr_at_1000_max": 0.324656,
        "nauc_mrr_at_1000_std": -0.159223,
        "nauc_mrr_at_1000_diff1": 0.57239,
        "main_score": 0.88146,
        "hf_subset": "ko",
        "languages": [
          "kor-Kore"
        ]
      }
    ]
  },
  "evaluation_time": 19.097513675689697,
  "kg_co2_emissions": null
}