{
  "dataset_revision": "fc24a3ce8f09746410daee3d5cd823ff7a0675b7",
  "task_name": "MrTidyRetrieval",
  "mteb_version": "1.38.1",
  "scores": {
    "test": [
      {
        "ndcg_at_1": 0.64608,
        "ndcg_at_3": 0.73753,
        "ndcg_at_5": 0.77041,
        "ndcg_at_10": 0.79528,
        "ndcg_at_20": 0.80581,
        "ndcg_at_100": 0.80797,
        "ndcg_at_1000": 0.80797,
        "map_at_1": 0.59897,
        "map_at_3": 0.70282,
        "map_at_5": 0.72319,
        "map_at_10": 0.73573,
        "map_at_20": 0.73935,
        "map_at_100": 0.7399,
        "map_at_1000": 0.7399,
        "recall_at_1": 0.59897,
        "recall_at_3": 0.80641,
        "recall_at_5": 0.88321,
        "recall_at_10": 0.95289,
        "recall_at_20": 0.99089,
        "recall_at_100": 1.0,
        "recall_at_1000": 1.0,
        "precision_at_1": 0.64608,
        "precision_at_3": 0.30325,
        "precision_at_5": 0.20048,
        "precision_at_10": 0.11021,
        "precision_at_20": 0.05772,
        "precision_at_100": 0.01169,
        "precision_at_1000": 0.00117,
        "mrr_at_1": 0.646081,
        "mrr_at_3": 0.734759,
        "mrr_at_5": 0.749723,
        "mrr_at_10": 0.75681,
        "mrr_at_20": 0.759002,
        "mrr_at_100": 0.759209,
        "mrr_at_1000": 0.759209,
        "nauc_ndcg_at_1_max": 0.34081,
        "nauc_ndcg_at_1_std": -0.331931,
        "nauc_ndcg_at_1_diff1": 0.610562,
        "nauc_ndcg_at_3_max": 0.295996,
        "nauc_ndcg_at_3_std": -0.37892,
        "nauc_ndcg_at_3_diff1": 0.554514,
        "nauc_ndcg_at_5_max": 0.286098,
        "nauc_ndcg_at_5_std": -0.362052,
        "nauc_ndcg_at_5_diff1": 0.557482,
        "nauc_ndcg_at_10_max": 0.304471,
        "nauc_ndcg_at_10_std": -0.33912,
        "nauc_ndcg_at_10_diff1": 0.556273,
        "nauc_ndcg_at_20_max": 0.314214,
        "nauc_ndcg_at_20_std": -0.343108,
        "nauc_ndcg_at_20_diff1": 0.572493,
        "nauc_ndcg_at_100_max": 0.308513,
        "nauc_ndcg_at_100_std": -0.347994,
        "nauc_ndcg_at_100_diff1": 0.569694,
        "nauc_ndcg_at_1000_max": 0.308513,
        "nauc_ndcg_at_1000_std": -0.347994,
        "nauc_ndcg_at_1000_diff1": 0.569694,
        "nauc_map_at_1_max": 0.333797,
        "nauc_map_at_1_std": -0.316036,
        "nauc_map_at_1_diff1": 0.601088,
        "nauc_map_at_3_max": 0.304605,
        "nauc_map_at_3_std": -0.368534,
        "nauc_map_at_3_diff1": 0.566459,
        "nauc_map_at_5_max": 0.298804,
        "nauc_map_at_5_std": -0.359141,
        "nauc_map_at_5_diff1": 0.566307,
        "nauc_map_at_10_max": 0.309043,
        "nauc_map_at_10_std": -0.346104,
        "nauc_map_at_10_diff1": 0.568168,
        "nauc_map_at_20_max": 0.310116,
        "nauc_map_at_20_std": -0.347757,
        "nauc_map_at_20_diff1": 0.571679,
        "nauc_map_at_100_max": 0.309263,
        "nauc_map_at_100_std": -0.348833,
        "nauc_map_at_100_diff1": 0.571356,
        "nauc_map_at_1000_max": 0.309263,
        "nauc_map_at_1000_std": -0.348833,
        "nauc_map_at_1000_diff1": 0.571356,
        "nauc_recall_at_1_max": 0.333797,
        "nauc_recall_at_1_std": -0.316036,
        "nauc_recall_at_1_diff1": 0.601088,
        "nauc_recall_at_3_max": 0.243888,
        "nauc_recall_at_3_std": -0.417564,
        "nauc_recall_at_3_diff1": 0.486741,
        "nauc_recall_at_5_max": 0.179349,
        "nauc_recall_at_5_std": -0.37427,
        "nauc_recall_at_5_diff1": 0.468834,
        "nauc_recall_at_10_max": 0.223666,
        "nauc_recall_at_10_std": -0.21873,
        "nauc_recall_at_10_diff1": 0.3613,
        "nauc_recall_at_20_max": 0.753321,
        "nauc_recall_at_20_std": 0.02213,
        "nauc_recall_at_20_diff1": 0.776228,
        "nauc_recall_at_100_max": NaN,
        "nauc_recall_at_100_std": NaN,
        "nauc_recall_at_100_diff1": NaN,
        "nauc_recall_at_1000_max": NaN,
        "nauc_recall_at_1000_std": NaN,
        "nauc_recall_at_1000_diff1": NaN,
        "nauc_precision_at_1_max": 0.34081,
        "nauc_precision_at_1_std": -0.331931,
        "nauc_precision_at_1_diff1": 0.610562,
        "nauc_precision_at_3_max": 0.079453,
        "nauc_precision_at_3_std": -0.287337,
        "nauc_precision_at_3_diff1": 0.21389,
        "nauc_precision_at_5_max": -0.039788,
        "nauc_precision_at_5_std": -0.137495,
        "nauc_precision_at_5_diff1": 0.045887,
        "nauc_precision_at_10_max": -0.109414,
        "nauc_precision_at_10_std": 0.029997,
        "nauc_precision_at_10_diff1": -0.152003,
        "nauc_precision_at_20_max": -0.155963,
        "nauc_precision_at_20_std": 0.0714,
        "nauc_precision_at_20_diff1": -0.213782,
        "nauc_precision_at_100_max": -0.187689,
        "nauc_precision_at_100_std": 0.05877,
        "nauc_precision_at_100_diff1": -0.246312,
        "nauc_precision_at_1000_max": -0.187689,
        "nauc_precision_at_1000_std": 0.05877,
        "nauc_precision_at_1000_diff1": -0.246312,
        "nauc_mrr_at_1_max": 0.34081,
        "nauc_mrr_at_1_std": -0.331931,
        "nauc_mrr_at_1_diff1": 0.610562,
        "nauc_mrr_at_3_max": 0.316117,
        "nauc_mrr_at_3_std": -0.359329,
        "nauc_mrr_at_3_diff1": 0.574877,
        "nauc_mrr_at_5_max": 0.314219,
        "nauc_mrr_at_5_std": -0.350421,
        "nauc_mrr_at_5_diff1": 0.579493,
        "nauc_mrr_at_10_max": 0.319274,
        "nauc_mrr_at_10_std": -0.346338,
        "nauc_mrr_at_10_diff1": 0.577831,
        "nauc_mrr_at_20_max": 0.322501,
        "nauc_mrr_at_20_std": -0.345789,
        "nauc_mrr_at_20_diff1": 0.581411,
        "nauc_mrr_at_100_max": 0.321961,
        "nauc_mrr_at_100_std": -0.345639,
        "nauc_mrr_at_100_diff1": 0.581121,
        "nauc_mrr_at_1000_max": 0.321961,
        "nauc_mrr_at_1000_std": -0.345639,
        "nauc_mrr_at_1000_diff1": 0.581121,
        "main_score": 0.79528,
        "hf_subset": "korean",
        "languages": [
          "kor-Kore"
        ]
      }
    ]
  },
  "evaluation_time": 38.792298555374146,
  "kg_co2_emissions": null
}