{
  "dataset_revision": "d67138e705d963e346253a80e59676ddb418810a",
  "task_name": "MultiLongDocRetrieval",
  "mteb_version": "1.38.1",
  "scores": {
    "test": [
      {
        "ndcg_at_1": 0.26,
        "ndcg_at_3": 0.32732,
        "ndcg_at_5": 0.36648,
        "ndcg_at_10": 0.4125,
        "ndcg_at_20": 0.47429,
        "ndcg_at_100": 0.50369,
        "ndcg_at_1000": 0.50369,
        "map_at_1": 0.26,
        "map_at_3": 0.31083,
        "map_at_5": 0.33258,
        "map_at_10": 0.35107,
        "map_at_20": 0.36795,
        "map_at_100": 0.37335,
        "map_at_1000": 0.37335,
        "recall_at_1": 0.26,
        "recall_at_3": 0.375,
        "recall_at_5": 0.47,
        "recall_at_10": 0.615,
        "recall_at_20": 0.86,
        "recall_at_100": 1.0,
        "recall_at_1000": 1.0,
        "precision_at_1": 0.26,
        "precision_at_3": 0.125,
        "precision_at_5": 0.094,
        "precision_at_10": 0.0615,
        "precision_at_20": 0.043,
        "precision_at_100": 0.01,
        "precision_at_1000": 0.001,
        "mrr_at_1": 0.26,
        "mrr_at_3": 0.310833,
        "mrr_at_5": 0.332583,
        "mrr_at_10": 0.351067,
        "mrr_at_20": 0.367949,
        "mrr_at_100": 0.373351,
        "mrr_at_1000": 0.373351,
        "nauc_ndcg_at_1_max": 0.455819,
        "nauc_ndcg_at_1_std": 0.259446,
        "nauc_ndcg_at_1_diff1": 0.543899,
        "nauc_ndcg_at_3_max": 0.434147,
        "nauc_ndcg_at_3_std": 0.247624,
        "nauc_ndcg_at_3_diff1": 0.517148,
        "nauc_ndcg_at_5_max": 0.391506,
        "nauc_ndcg_at_5_std": 0.210048,
        "nauc_ndcg_at_5_diff1": 0.48656,
        "nauc_ndcg_at_10_max": 0.365715,
        "nauc_ndcg_at_10_std": 0.19098,
        "nauc_ndcg_at_10_diff1": 0.469221,
        "nauc_ndcg_at_20_max": 0.367513,
        "nauc_ndcg_at_20_std": 0.190797,
        "nauc_ndcg_at_20_diff1": 0.461906,
        "nauc_ndcg_at_100_max": 0.399697,
        "nauc_ndcg_at_100_std": 0.216531,
        "nauc_ndcg_at_100_diff1": 0.491523,
        "nauc_ndcg_at_1000_max": 0.399697,
        "nauc_ndcg_at_1000_std": 0.216531,
        "nauc_ndcg_at_1000_diff1": 0.491523,
        "nauc_map_at_1_max": 0.455819,
        "nauc_map_at_1_std": 0.259446,
        "nauc_map_at_1_diff1": 0.543899,
        "nauc_map_at_3_max": 0.439385,
        "nauc_map_at_3_std": 0.250506,
        "nauc_map_at_3_diff1": 0.522389,
        "nauc_map_at_5_max": 0.414724,
        "nauc_map_at_5_std": 0.228942,
        "nauc_map_at_5_diff1": 0.504562,
        "nauc_map_at_10_max": 0.404056,
        "nauc_map_at_10_std": 0.220774,
        "nauc_map_at_10_diff1": 0.497412,
        "nauc_map_at_20_max": 0.406287,
        "nauc_map_at_20_std": 0.221894,
        "nauc_map_at_20_diff1": 0.496738,
        "nauc_map_at_100_max": 0.411216,
        "nauc_map_at_100_std": 0.225842,
        "nauc_map_at_100_diff1": 0.501254,
        "nauc_map_at_1000_max": 0.411216,
        "nauc_map_at_1000_std": 0.225842,
        "nauc_map_at_1000_diff1": 0.501254,
        "nauc_recall_at_1_max": 0.455819,
        "nauc_recall_at_1_std": 0.259446,
        "nauc_recall_at_1_diff1": 0.543899,
        "nauc_recall_at_3_max": 0.419723,
        "nauc_recall_at_3_std": 0.239681,
        "nauc_recall_at_3_diff1": 0.503169,
        "nauc_recall_at_5_max": 0.322202,
        "nauc_recall_at_5_std": 0.15312,
        "nauc_recall_at_5_diff1": 0.433728,
        "nauc_recall_at_10_max": 0.229148,
        "nauc_recall_at_10_std": 0.085138,
        "nauc_recall_at_10_diff1": 0.370445,
        "nauc_recall_at_20_max": 0.062197,
        "nauc_recall_at_20_std": -0.053242,
        "nauc_recall_at_20_diff1": 0.181308,
        "nauc_recall_at_100_max": NaN,
        "nauc_recall_at_100_std": NaN,
        "nauc_recall_at_100_diff1": NaN,
        "nauc_recall_at_1000_max": NaN,
        "nauc_recall_at_1000_std": NaN,
        "nauc_recall_at_1000_diff1": NaN,
        "nauc_precision_at_1_max": 0.455819,
        "nauc_precision_at_1_std": 0.259446,
        "nauc_precision_at_1_diff1": 0.543899,
        "nauc_precision_at_3_max": 0.419723,
        "nauc_precision_at_3_std": 0.239681,
        "nauc_precision_at_3_diff1": 0.503169,
        "nauc_precision_at_5_max": 0.322202,
        "nauc_precision_at_5_std": 0.15312,
        "nauc_precision_at_5_diff1": 0.433728,
        "nauc_precision_at_10_max": 0.229148,
        "nauc_precision_at_10_std": 0.085138,
        "nauc_precision_at_10_diff1": 0.370445,
        "nauc_precision_at_20_max": 0.062197,
        "nauc_precision_at_20_std": -0.053242,
        "nauc_precision_at_20_diff1": 0.181308,
        "nauc_precision_at_100_max": 1.0,
        "nauc_precision_at_100_std": 1.0,
        "nauc_precision_at_100_diff1": 1.0,
        "nauc_precision_at_1000_max": 1.0,
        "nauc_precision_at_1000_std": 1.0,
        "nauc_precision_at_1000_diff1": 1.0,
        "nauc_mrr_at_1_max": 0.455819,
        "nauc_mrr_at_1_std": 0.259446,
        "nauc_mrr_at_1_diff1": 0.543899,
        "nauc_mrr_at_3_max": 0.439385,
        "nauc_mrr_at_3_std": 0.250506,
        "nauc_mrr_at_3_diff1": 0.522389,
        "nauc_mrr_at_5_max": 0.414724,
        "nauc_mrr_at_5_std": 0.228942,
        "nauc_mrr_at_5_diff1": 0.504562,
        "nauc_mrr_at_10_max": 0.404056,
        "nauc_mrr_at_10_std": 0.220774,
        "nauc_mrr_at_10_diff1": 0.497412,
        "nauc_mrr_at_20_max": 0.406287,
        "nauc_mrr_at_20_std": 0.221894,
        "nauc_mrr_at_20_diff1": 0.496738,
        "nauc_mrr_at_100_max": 0.411216,
        "nauc_mrr_at_100_std": 0.225842,
        "nauc_mrr_at_100_diff1": 0.501254,
        "nauc_mrr_at_1000_max": 0.411216,
        "nauc_mrr_at_1000_std": 0.225842,
        "nauc_mrr_at_1000_diff1": 0.501254,
        "main_score": 0.4125,
        "hf_subset": "ko",
        "languages": [
          "kor-Hang"
        ]
      }
    ]
  },
  "evaluation_time": 1428.376767873764,
  "kg_co2_emissions": null
}