{
  "dataset_revision": "main",
  "task_name": "PublicHealthQA",
  "mteb_version": "1.38.1",
  "scores": {
    "test": [
      {
        "ndcg_at_1": 0.50649,
        "ndcg_at_3": 0.58982,
        "ndcg_at_5": 0.60547,
        "ndcg_at_10": 0.61385,
        "ndcg_at_20": 0.62401,
        "ndcg_at_100": 0.62401,
        "ndcg_at_1000": 0.62401,
        "map_at_1": 0.50649,
        "map_at_3": 0.56926,
        "map_at_5": 0.57771,
        "map_at_10": 0.58117,
        "map_at_20": 0.58412,
        "map_at_100": 0.58412,
        "map_at_1000": 0.58412,
        "recall_at_1": 0.50649,
        "recall_at_3": 0.64935,
        "recall_at_5": 0.68831,
        "recall_at_10": 0.71429,
        "recall_at_20": 0.75325,
        "recall_at_100": 0.75325,
        "recall_at_1000": 0.75325,
        "precision_at_1": 0.50649,
        "precision_at_3": 0.21645,
        "precision_at_5": 0.13766,
        "precision_at_10": 0.07143,
        "precision_at_20": 0.03766,
        "precision_at_100": 0.00753,
        "precision_at_1000": 0.00075,
        "mrr_at_1": 0.506494,
        "mrr_at_3": 0.569264,
        "mrr_at_5": 0.577706,
        "mrr_at_10": 0.581169,
        "mrr_at_20": 0.584116,
        "mrr_at_100": 0.584116,
        "mrr_at_1000": 0.584116,
        "nauc_ndcg_at_1_max": 0.682306,
        "nauc_ndcg_at_1_std": 0.351257,
        "nauc_ndcg_at_1_diff1": 0.561068,
        "nauc_ndcg_at_3_max": 0.5948,
        "nauc_ndcg_at_3_std": 0.280974,
        "nauc_ndcg_at_3_diff1": 0.450995,
        "nauc_ndcg_at_5_max": 0.570143,
        "nauc_ndcg_at_5_std": 0.286766,
        "nauc_ndcg_at_5_diff1": 0.419471,
        "nauc_ndcg_at_10_max": 0.578287,
        "nauc_ndcg_at_10_std": 0.308251,
        "nauc_ndcg_at_10_diff1": 0.424957,
        "nauc_ndcg_at_20_max": 0.583961,
        "nauc_ndcg_at_20_std": 0.323346,
        "nauc_ndcg_at_20_diff1": 0.414309,
        "nauc_ndcg_at_100_max": 0.583961,
        "nauc_ndcg_at_100_std": 0.323346,
        "nauc_ndcg_at_100_diff1": 0.414309,
        "nauc_ndcg_at_1000_max": 0.583961,
        "nauc_ndcg_at_1000_std": 0.323346,
        "nauc_ndcg_at_1000_diff1": 0.414309,
        "nauc_map_at_1_max": 0.682306,
        "nauc_map_at_1_std": 0.351257,
        "nauc_map_at_1_diff1": 0.561068,
        "nauc_map_at_3_max": 0.618177,
        "nauc_map_at_3_std": 0.298246,
        "nauc_map_at_3_diff1": 0.479226,
        "nauc_map_at_5_max": 0.605696,
        "nauc_map_at_5_std": 0.301406,
        "nauc_map_at_5_diff1": 0.463323,
        "nauc_map_at_10_max": 0.609474,
        "nauc_map_at_10_std": 0.310923,
        "nauc_map_at_10_diff1": 0.466135,
        "nauc_map_at_20_max": 0.610944,
        "nauc_map_at_20_std": 0.314418,
        "nauc_map_at_20_diff1": 0.463505,
        "nauc_map_at_100_max": 0.610944,
        "nauc_map_at_100_std": 0.314418,
        "nauc_map_at_100_diff1": 0.463505,
        "nauc_map_at_1000_max": 0.610944,
        "nauc_map_at_1000_std": 0.314418,
        "nauc_map_at_1000_diff1": 0.463505,
        "nauc_recall_at_1_max": 0.682306,
        "nauc_recall_at_1_std": 0.351257,
        "nauc_recall_at_1_diff1": 0.561068,
        "nauc_recall_at_3_max": 0.518722,
        "nauc_recall_at_3_std": 0.225444,
        "nauc_recall_at_3_diff1": 0.359651,
        "nauc_recall_at_5_max": 0.442308,
        "nauc_recall_at_5_std": 0.237944,
        "nauc_recall_at_5_diff1": 0.262051,
        "nauc_recall_at_10_max": 0.461833,
        "nauc_recall_at_10_std": 0.308098,
        "nauc_recall_at_10_diff1": 0.269545,
        "nauc_recall_at_20_max": 0.478577,
        "nauc_recall_at_20_std": 0.39083,
        "nauc_recall_at_20_diff1": 0.196011,
        "nauc_recall_at_100_max": 0.478577,
        "nauc_recall_at_100_std": 0.39083,
        "nauc_recall_at_100_diff1": 0.196011,
        "nauc_recall_at_1000_max": 0.478577,
        "nauc_recall_at_1000_std": 0.39083,
        "nauc_recall_at_1000_diff1": 0.196011,
        "nauc_precision_at_1_max": 0.682306,
        "nauc_precision_at_1_std": 0.351257,
        "nauc_precision_at_1_diff1": 0.561068,
        "nauc_precision_at_3_max": 0.518722,
        "nauc_precision_at_3_std": 0.225444,
        "nauc_precision_at_3_diff1": 0.359651,
        "nauc_precision_at_5_max": 0.442308,
        "nauc_precision_at_5_std": 0.237944,
        "nauc_precision_at_5_diff1": 0.262051,
        "nauc_precision_at_10_max": 0.461833,
        "nauc_precision_at_10_std": 0.308098,
        "nauc_precision_at_10_diff1": 0.269545,
        "nauc_precision_at_20_max": 0.478577,
        "nauc_precision_at_20_std": 0.39083,
        "nauc_precision_at_20_diff1": 0.196011,
        "nauc_precision_at_100_max": 0.478577,
        "nauc_precision_at_100_std": 0.39083,
        "nauc_precision_at_100_diff1": 0.196011,
        "nauc_precision_at_1000_max": 0.478577,
        "nauc_precision_at_1000_std": 0.39083,
        "nauc_precision_at_1000_diff1": 0.196011,
        "nauc_mrr_at_1_max": 0.682306,
        "nauc_mrr_at_1_std": 0.351257,
        "nauc_mrr_at_1_diff1": 0.561068,
        "nauc_mrr_at_3_max": 0.618177,
        "nauc_mrr_at_3_std": 0.298246,
        "nauc_mrr_at_3_diff1": 0.479226,
        "nauc_mrr_at_5_max": 0.605696,
        "nauc_mrr_at_5_std": 0.301406,
        "nauc_mrr_at_5_diff1": 0.463323,
        "nauc_mrr_at_10_max": 0.609474,
        "nauc_mrr_at_10_std": 0.310923,
        "nauc_mrr_at_10_diff1": 0.466135,
        "nauc_mrr_at_20_max": 0.610944,
        "nauc_mrr_at_20_std": 0.314418,
        "nauc_mrr_at_20_diff1": 0.463505,
        "nauc_mrr_at_100_max": 0.610944,
        "nauc_mrr_at_100_std": 0.314418,
        "nauc_mrr_at_100_diff1": 0.463505,
        "nauc_mrr_at_1000_max": 0.610944,
        "nauc_mrr_at_1000_std": 0.314418,
        "nauc_mrr_at_1000_diff1": 0.463505,
        "main_score": 0.61385,
        "hf_subset": "korean",
        "languages": [
          "kor-Hang"
        ]
      }
    ]
  },
  "evaluation_time": 15.565971851348877,
  "kg_co2_emissions": null
}