{
  "dataset_revision": "main",
  "task_name": "SQuADKorV1Retrieval",
  "mteb_version": "1.38.1",
  "scores": {
    "test": [
      {
        "ndcg_at_1": 0.96294,
        "ndcg_at_3": 0.98341,
        "ndcg_at_5": 0.98398,
        "ndcg_at_10": 0.98461,
        "ndcg_at_20": 0.98466,
        "ndcg_at_100": 0.98466,
        "ndcg_at_1000": 0.98466,
        "map_at_1": 0.96294,
        "map_at_3": 0.97881,
        "map_at_5": 0.97912,
        "map_at_10": 0.9794,
        "map_at_20": 0.97941,
        "map_at_100": 0.97941,
        "map_at_1000": 0.97941,
        "recall_at_1": 0.96294,
        "recall_at_3": 0.99654,
        "recall_at_5": 0.99792,
        "recall_at_10": 0.99983,
        "recall_at_20": 1.0,
        "recall_at_100": 1.0,
        "recall_at_1000": 1.0,
        "precision_at_1": 0.96294,
        "precision_at_3": 0.33218,
        "precision_at_5": 0.19958,
        "precision_at_10": 0.09998,
        "precision_at_20": 0.05,
        "precision_at_100": 0.01,
        "precision_at_1000": 0.001,
        "mrr_at_1": 0.962937,
        "mrr_at_3": 0.978813,
        "mrr_at_5": 0.979125,
        "mrr_at_10": 0.979398,
        "mrr_at_20": 0.979412,
        "mrr_at_100": 0.979412,
        "mrr_at_1000": 0.979412,
        "nauc_ndcg_at_1_max": 0.720089,
        "nauc_ndcg_at_1_std": -0.219724,
        "nauc_ndcg_at_1_diff1": 0.973277,
        "nauc_ndcg_at_3_max": 0.752744,
        "nauc_ndcg_at_3_std": -0.150041,
        "nauc_ndcg_at_3_diff1": 0.974383,
        "nauc_ndcg_at_5_max": 0.744004,
        "nauc_ndcg_at_5_std": -0.188279,
        "nauc_ndcg_at_5_diff1": 0.974086,
        "nauc_ndcg_at_10_max": 0.737029,
        "nauc_ndcg_at_10_std": -0.194908,
        "nauc_ndcg_at_10_diff1": 0.974129,
        "nauc_ndcg_at_20_max": 0.736249,
        "nauc_ndcg_at_20_std": -0.198451,
        "nauc_ndcg_at_20_diff1": 0.974053,
        "nauc_ndcg_at_100_max": 0.736249,
        "nauc_ndcg_at_100_std": -0.198451,
        "nauc_ndcg_at_100_diff1": 0.974053,
        "nauc_ndcg_at_1000_max": 0.736249,
        "nauc_ndcg_at_1000_std": -0.198451,
        "nauc_ndcg_at_1000_diff1": 0.974053,
        "nauc_map_at_1_max": 0.720089,
        "nauc_map_at_1_std": -0.219724,
        "nauc_map_at_1_diff1": 0.973277,
        "nauc_map_at_3_max": 0.741154,
        "nauc_map_at_3_std": -0.180256,
        "nauc_map_at_3_diff1": 0.974067,
        "nauc_map_at_5_max": 0.737288,
        "nauc_map_at_5_std": -0.196925,
        "nauc_map_at_5_diff1": 0.973951,
        "nauc_map_at_10_max": 0.734948,
        "nauc_map_at_10_std": -0.19982,
        "nauc_map_at_10_diff1": 0.973994,
        "nauc_map_at_20_max": 0.734776,
        "nauc_map_at_20_std": -0.200596,
        "nauc_map_at_20_diff1": 0.973977,
        "nauc_map_at_100_max": 0.734776,
        "nauc_map_at_100_std": -0.200596,
        "nauc_map_at_100_diff1": 0.973977,
        "nauc_map_at_1000_max": 0.734776,
        "nauc_map_at_1000_std": -0.200596,
        "nauc_map_at_1000_diff1": 0.973977,
        "nauc_recall_at_1_max": 0.720089,
        "nauc_recall_at_1_std": -0.219724,
        "nauc_recall_at_1_diff1": 0.973277,
        "nauc_recall_at_3_max": 0.951798,
        "nauc_recall_at_3_std": 0.385365,
        "nauc_recall_at_3_diff1": 0.979576,
        "nauc_recall_at_5_max": 0.919664,
        "nauc_recall_at_5_std": 0.023654,
        "nauc_recall_at_5_diff1": 0.976852,
        "nauc_recall_at_10_max": 1.0,
        "nauc_recall_at_10_std": 1.0,
        "nauc_recall_at_10_diff1": 1.0,
        "nauc_recall_at_20_max": NaN,
        "nauc_recall_at_20_std": NaN,
        "nauc_recall_at_20_diff1": NaN,
        "nauc_recall_at_100_max": NaN,
        "nauc_recall_at_100_std": NaN,
        "nauc_recall_at_100_diff1": NaN,
        "nauc_recall_at_1000_max": NaN,
        "nauc_recall_at_1000_std": NaN,
        "nauc_recall_at_1000_diff1": NaN,
        "nauc_precision_at_1_max": 0.720089,
        "nauc_precision_at_1_std": -0.219724,
        "nauc_precision_at_1_diff1": 0.973277,
        "nauc_precision_at_3_max": 0.951798,
        "nauc_precision_at_3_std": 0.385365,
        "nauc_precision_at_3_diff1": 0.979576,
        "nauc_precision_at_5_max": 0.919664,
        "nauc_precision_at_5_std": 0.023654,
        "nauc_precision_at_5_diff1": 0.976852,
        "nauc_precision_at_10_max": 1.0,
        "nauc_precision_at_10_std": 1.0,
        "nauc_precision_at_10_diff1": 1.0,
        "nauc_precision_at_20_max": 1.0,
        "nauc_precision_at_20_std": 1.0,
        "nauc_precision_at_20_diff1": 1.0,
        "nauc_precision_at_100_max": NaN,
        "nauc_precision_at_100_std": NaN,
        "nauc_precision_at_100_diff1": NaN,
        "nauc_precision_at_1000_max": 1.0,
        "nauc_precision_at_1000_std": 1.0,
        "nauc_precision_at_1000_diff1": 1.0,
        "nauc_mrr_at_1_max": 0.720089,
        "nauc_mrr_at_1_std": -0.219724,
        "nauc_mrr_at_1_diff1": 0.973277,
        "nauc_mrr_at_3_max": 0.741154,
        "nauc_mrr_at_3_std": -0.180256,
        "nauc_mrr_at_3_diff1": 0.974067,
        "nauc_mrr_at_5_max": 0.737288,
        "nauc_mrr_at_5_std": -0.196925,
        "nauc_mrr_at_5_diff1": 0.973951,
        "nauc_mrr_at_10_max": 0.734948,
        "nauc_mrr_at_10_std": -0.19982,
        "nauc_mrr_at_10_diff1": 0.973994,
        "nauc_mrr_at_20_max": 0.734776,
        "nauc_mrr_at_20_std": -0.200596,
        "nauc_mrr_at_20_diff1": 0.973977,
        "nauc_mrr_at_100_max": 0.734776,
        "nauc_mrr_at_100_std": -0.200596,
        "nauc_mrr_at_100_diff1": 0.973977,
        "nauc_mrr_at_1000_max": 0.734776,
        "nauc_mrr_at_1000_std": -0.200596,
        "nauc_mrr_at_1000_diff1": 0.973977,
        "main_score": 0.98461,
        "hf_subset": "default",
        "languages": [
          "kor-Hang"
        ]
      }
    ]
  },
  "evaluation_time": 2667.1481997966766,
  "kg_co2_emissions": null
}