{
  "dataset_revision": "main",
  "task_name": "WebFAQRetrieval",
  "mteb_version": "1.38.1",
  "scores": {
    "test": [
      {
        "ndcg_at_1": 0.7796,
        "ndcg_at_3": 0.85489,
        "ndcg_at_5": 0.8686,
        "ndcg_at_10": 0.87942,
        "ndcg_at_20": 0.88382,
        "ndcg_at_100": 0.88581,
        "ndcg_at_1000": 0.88581,
        "map_at_1": 0.7796,
        "map_at_3": 0.83685,
        "map_at_5": 0.84452,
        "map_at_10": 0.84906,
        "map_at_20": 0.8503,
        "map_at_100": 0.85063,
        "map_at_1000": 0.85063,
        "recall_at_1": 0.7796,
        "recall_at_3": 0.9069,
        "recall_at_5": 0.9399,
        "recall_at_10": 0.973,
        "recall_at_20": 0.9902,
        "recall_at_100": 1.0,
        "recall_at_1000": 1.0,
        "precision_at_1": 0.7796,
        "precision_at_3": 0.3023,
        "precision_at_5": 0.18798,
        "precision_at_10": 0.0973,
        "precision_at_20": 0.04951,
        "precision_at_100": 0.01,
        "precision_at_1000": 0.001,
        "mrr_at_1": 0.7796,
        "mrr_at_3": 0.83685,
        "mrr_at_5": 0.844525,
        "mrr_at_10": 0.849061,
        "mrr_at_20": 0.850295,
        "mrr_at_100": 0.850634,
        "mrr_at_1000": 0.850634,
        "nauc_ndcg_at_1_max": 0.595216,
        "nauc_ndcg_at_1_std": -0.011641,
        "nauc_ndcg_at_1_diff1": 0.817802,
        "nauc_ndcg_at_3_max": 0.594042,
        "nauc_ndcg_at_3_std": -0.007879,
        "nauc_ndcg_at_3_diff1": 0.793013,
        "nauc_ndcg_at_5_max": 0.596189,
        "nauc_ndcg_at_5_std": -0.004773,
        "nauc_ndcg_at_5_diff1": 0.796984,
        "nauc_ndcg_at_10_max": 0.598773,
        "nauc_ndcg_at_10_std": 0.003175,
        "nauc_ndcg_at_10_diff1": 0.80156,
        "nauc_ndcg_at_20_max": 0.596993,
        "nauc_ndcg_at_20_std": -0.001772,
        "nauc_ndcg_at_20_diff1": 0.80242,
        "nauc_ndcg_at_100_max": 0.596194,
        "nauc_ndcg_at_100_std": -0.005725,
        "nauc_ndcg_at_100_diff1": 0.803088,
        "nauc_ndcg_at_1000_max": 0.596194,
        "nauc_ndcg_at_1000_std": -0.005725,
        "nauc_ndcg_at_1000_diff1": 0.803088,
        "nauc_map_at_1_max": 0.595216,
        "nauc_map_at_1_std": -0.011641,
        "nauc_map_at_1_diff1": 0.817802,
        "nauc_map_at_3_max": 0.594384,
        "nauc_map_at_3_std": -0.009828,
        "nauc_map_at_3_diff1": 0.800067,
        "nauc_map_at_5_max": 0.595401,
        "nauc_map_at_5_std": -0.008427,
        "nauc_map_at_5_diff1": 0.802297,
        "nauc_map_at_10_max": 0.596214,
        "nauc_map_at_10_std": -0.006101,
        "nauc_map_at_10_diff1": 0.80406,
        "nauc_map_at_20_max": 0.595838,
        "nauc_map_at_20_std": -0.007145,
        "nauc_map_at_20_diff1": 0.804271,
        "nauc_map_at_100_max": 0.595751,
        "nauc_map_at_100_std": -0.007619,
        "nauc_map_at_100_diff1": 0.804383,
        "nauc_map_at_1000_max": 0.595751,
        "nauc_map_at_1000_std": -0.007619,
        "nauc_map_at_1000_diff1": 0.804383,
        "nauc_recall_at_1_max": 0.595216,
        "nauc_recall_at_1_std": -0.011641,
        "nauc_recall_at_1_diff1": 0.817802,
        "nauc_recall_at_3_max": 0.592443,
        "nauc_recall_at_3_std": 0.001883,
        "nauc_recall_at_3_diff1": 0.760095,
        "nauc_recall_at_5_max": 0.602472,
        "nauc_recall_at_5_std": 0.022435,
        "nauc_recall_at_5_diff1": 0.762111,
        "nauc_recall_at_10_max": 0.644263,
        "nauc_recall_at_10_std": 0.164362,
        "nauc_recall_at_10_diff1": 0.776635,
        "nauc_recall_at_20_max": 0.6431,
        "nauc_recall_at_20_std": 0.219502,
        "nauc_recall_at_20_diff1": 0.770075,
        "nauc_recall_at_100_max": NaN,
        "nauc_recall_at_100_std": NaN,
        "nauc_recall_at_100_diff1": NaN,
        "nauc_recall_at_1000_max": NaN,
        "nauc_recall_at_1000_std": NaN,
        "nauc_recall_at_1000_diff1": NaN,
        "nauc_precision_at_1_max": 0.595216,
        "nauc_precision_at_1_std": -0.011641,
        "nauc_precision_at_1_diff1": 0.817802,
        "nauc_precision_at_3_max": 0.592443,
        "nauc_precision_at_3_std": 0.001883,
        "nauc_precision_at_3_diff1": 0.760095,
        "nauc_precision_at_5_max": 0.602472,
        "nauc_precision_at_5_std": 0.022435,
        "nauc_precision_at_5_diff1": 0.762111,
        "nauc_precision_at_10_max": 0.644263,
        "nauc_precision_at_10_std": 0.164362,
        "nauc_precision_at_10_diff1": 0.776635,
        "nauc_precision_at_20_max": 0.6431,
        "nauc_precision_at_20_std": 0.219502,
        "nauc_precision_at_20_diff1": 0.770075,
        "nauc_precision_at_100_max": 1.0,
        "nauc_precision_at_100_std": 1.0,
        "nauc_precision_at_100_diff1": 1.0,
        "nauc_precision_at_1000_max": 1.0,
        "nauc_precision_at_1000_std": 1.0,
        "nauc_precision_at_1000_diff1": 1.0,
        "nauc_mrr_at_1_max": 0.595216,
        "nauc_mrr_at_1_std": -0.011641,
        "nauc_mrr_at_1_diff1": 0.817802,
        "nauc_mrr_at_3_max": 0.594384,
        "nauc_mrr_at_3_std": -0.009828,
        "nauc_mrr_at_3_diff1": 0.800067,
        "nauc_mrr_at_5_max": 0.595401,
        "nauc_mrr_at_5_std": -0.008427,
        "nauc_mrr_at_5_diff1": 0.802297,
        "nauc_mrr_at_10_max": 0.596214,
        "nauc_mrr_at_10_std": -0.006101,
        "nauc_mrr_at_10_diff1": 0.80406,
        "nauc_mrr_at_20_max": 0.595838,
        "nauc_mrr_at_20_std": -0.007145,
        "nauc_mrr_at_20_diff1": 0.804271,
        "nauc_mrr_at_100_max": 0.595751,
        "nauc_mrr_at_100_std": -0.007619,
        "nauc_mrr_at_100_diff1": 0.804383,
        "nauc_mrr_at_1000_max": 0.595751,
        "nauc_mrr_at_1000_std": -0.007619,
        "nauc_mrr_at_1000_diff1": 0.804383,
        "main_score": 0.87942,
        "hf_subset": "default",
        "languages": [
          "kor-Hang"
        ]
      }
    ]
  },
  "evaluation_time": 755.1123669147491,
  "kg_co2_emissions": null
}