{
  "dataset_revision": "c99d599f0a6ab9b85b065da6f9d94f9cf731679f",
  "task_name": "XPQARetrieval",
  "mteb_version": "1.38.1",
  "scores": {
    "test": [
      {
        "ndcg_at_1": 0.37003,
        "ndcg_at_3": 0.43655,
        "ndcg_at_5": 0.4884,
        "ndcg_at_10": 0.54003,
        "ndcg_at_20": 0.57899,
        "ndcg_at_100": 0.60507,
        "ndcg_at_1000": 0.60507,
        "map_at_1": 0.26259,
        "map_at_3": 0.39387,
        "map_at_5": 0.43291,
        "map_at_10": 0.45937,
        "map_at_20": 0.47199,
        "map_at_100": 0.47779,
        "map_at_1000": 0.47779,
        "recall_at_1": 0.26259,
        "recall_at_3": 0.48198,
        "recall_at_5": 0.6053,
        "recall_at_10": 0.74574,
        "recall_at_20": 0.88456,
        "recall_at_100": 1.0,
        "recall_at_1000": 1.0,
        "precision_at_1": 0.37003,
        "precision_at_3": 0.24669,
        "precision_at_5": 0.18838,
        "precision_at_10": 0.11774,
        "precision_at_20": 0.06972,
        "precision_at_100": 0.01564,
        "precision_at_1000": 0.00156,
        "mrr_at_1": 0.370031,
        "mrr_at_3": 0.450815,
        "mrr_at_5": 0.474669,
        "mrr_at_10": 0.49172,
        "mrr_at_20": 0.500126,
        "mrr_at_100": 0.503372,
        "mrr_at_1000": 0.503372,
        "nauc_ndcg_at_1_max": 0.166002,
        "nauc_ndcg_at_1_std": -0.137925,
        "nauc_ndcg_at_1_diff1": 0.40674,
        "nauc_ndcg_at_3_max": 0.079562,
        "nauc_ndcg_at_3_std": -0.22406,
        "nauc_ndcg_at_3_diff1": 0.393114,
        "nauc_ndcg_at_5_max": 0.06122,
        "nauc_ndcg_at_5_std": -0.244112,
        "nauc_ndcg_at_5_diff1": 0.38636,
        "nauc_ndcg_at_10_max": 0.058814,
        "nauc_ndcg_at_10_std": -0.243522,
        "nauc_ndcg_at_10_diff1": 0.395012,
        "nauc_ndcg_at_20_max": 0.077429,
        "nauc_ndcg_at_20_std": -0.221342,
        "nauc_ndcg_at_20_diff1": 0.390793,
        "nauc_ndcg_at_100_max": 0.102191,
        "nauc_ndcg_at_100_std": -0.198925,
        "nauc_ndcg_at_100_diff1": 0.395587,
        "nauc_ndcg_at_1000_max": 0.102191,
        "nauc_ndcg_at_1000_std": -0.198925,
        "nauc_ndcg_at_1000_diff1": 0.395587,
        "nauc_map_at_1_max": 0.155601,
        "nauc_map_at_1_std": -0.136933,
        "nauc_map_at_1_diff1": 0.429076,
        "nauc_map_at_3_max": 0.107217,
        "nauc_map_at_3_std": -0.198121,
        "nauc_map_at_3_diff1": 0.404423,
        "nauc_map_at_5_max": 0.096557,
        "nauc_map_at_5_std": -0.210438,
        "nauc_map_at_5_diff1": 0.399388,
        "nauc_map_at_10_max": 0.094153,
        "nauc_map_at_10_std": -0.21211,
        "nauc_map_at_10_diff1": 0.403743,
        "nauc_map_at_20_max": 0.098587,
        "nauc_map_at_20_std": -0.2066,
        "nauc_map_at_20_diff1": 0.402412,
        "nauc_map_at_100_max": 0.104762,
        "nauc_map_at_100_std": -0.200321,
        "nauc_map_at_100_diff1": 0.402575,
        "nauc_map_at_1000_max": 0.104762,
        "nauc_map_at_1000_std": -0.200321,
        "nauc_map_at_1000_diff1": 0.402575,
        "nauc_recall_at_1_max": 0.155601,
        "nauc_recall_at_1_std": -0.136933,
        "nauc_recall_at_1_diff1": 0.429076,
        "nauc_recall_at_3_max": 0.015665,
        "nauc_recall_at_3_std": -0.270207,
        "nauc_recall_at_3_diff1": 0.359519,
        "nauc_recall_at_5_max": -0.047649,
        "nauc_recall_at_5_std": -0.334912,
        "nauc_recall_at_5_diff1": 0.332821,
        "nauc_recall_at_10_max": -0.090705,
        "nauc_recall_at_10_std": -0.368816,
        "nauc_recall_at_10_diff1": 0.359088,
        "nauc_recall_at_20_max": -0.106978,
        "nauc_recall_at_20_std": -0.358318,
        "nauc_recall_at_20_diff1": 0.31139,
        "nauc_recall_at_100_max": NaN,
        "nauc_recall_at_100_std": NaN,
        "nauc_recall_at_100_diff1": NaN,
        "nauc_recall_at_1000_max": NaN,
        "nauc_recall_at_1000_std": NaN,
        "nauc_recall_at_1000_diff1": NaN,
        "nauc_precision_at_1_max": 0.166002,
        "nauc_precision_at_1_std": -0.137925,
        "nauc_precision_at_1_diff1": 0.40674,
        "nauc_precision_at_3_max": 0.039999,
        "nauc_precision_at_3_std": -0.179079,
        "nauc_precision_at_3_diff1": 0.236604,
        "nauc_precision_at_5_max": -0.007464,
        "nauc_precision_at_5_std": -0.182491,
        "nauc_precision_at_5_diff1": 0.161359,
        "nauc_precision_at_10_max": -0.01657,
        "nauc_precision_at_10_std": -0.130414,
        "nauc_precision_at_10_diff1": 0.108083,
        "nauc_precision_at_20_max": 0.025252,
        "nauc_precision_at_20_std": -0.013763,
        "nauc_precision_at_20_diff1": 0.013812,
        "nauc_precision_at_100_max": 0.109413,
        "nauc_precision_at_100_std": 0.127861,
        "nauc_precision_at_100_diff1": -0.064619,
        "nauc_precision_at_1000_max": 0.109413,
        "nauc_precision_at_1000_std": 0.127861,
        "nauc_precision_at_1000_diff1": -0.064619,
        "nauc_mrr_at_1_max": 0.166002,
        "nauc_mrr_at_1_std": -0.137925,
        "nauc_mrr_at_1_diff1": 0.40674,
        "nauc_mrr_at_3_max": 0.10597,
        "nauc_mrr_at_3_std": -0.199266,
        "nauc_mrr_at_3_diff1": 0.401328,
        "nauc_mrr_at_5_max": 0.091426,
        "nauc_mrr_at_5_std": -0.21371,
        "nauc_mrr_at_5_diff1": 0.392807,
        "nauc_mrr_at_10_max": 0.095421,
        "nauc_mrr_at_10_std": -0.207594,
        "nauc_mrr_at_10_diff1": 0.395138,
        "nauc_mrr_at_20_max": 0.1032,
        "nauc_mrr_at_20_std": -0.200258,
        "nauc_mrr_at_20_diff1": 0.39667,
        "nauc_mrr_at_100_max": 0.10391,
        "nauc_mrr_at_100_std": -0.199927,
        "nauc_mrr_at_100_diff1": 0.397319,
        "nauc_mrr_at_1000_max": 0.10391,
        "nauc_mrr_at_1000_std": -0.199927,
        "nauc_mrr_at_1000_diff1": 0.397319,
        "main_score": 0.54003,
        "hf_subset": "kor-kor",
        "languages": [
          "kor-Hang",
          "kor-Hang"
        ]
      },
      {
        "ndcg_at_1": 0.0474,
        "ndcg_at_3": 0.03915,
        "ndcg_at_5": 0.04088,
        "ndcg_at_10": 0.04388,
        "ndcg_at_20": 0.04388,
        "ndcg_at_100": 0.04399,
        "ndcg_at_1000": 0.04399,
        "map_at_1": 0.02462,
        "map_at_3": 0.03082,
        "map_at_5": 0.03236,
        "map_at_10": 0.03346,
        "map_at_20": 0.03346,
        "map_at_100": 0.03347,
        "map_at_1000": 0.03347,
        "recall_at_1": 0.02462,
        "recall_at_3": 0.03792,
        "recall_at_5": 0.04447,
        "recall_at_10": 0.05275,
        "recall_at_20": 0.05275,
        "recall_at_100": 0.05306,
        "recall_at_1000": 0.05306,
        "precision_at_1": 0.0474,
        "precision_at_3": 0.02294,
        "precision_at_5": 0.0159,
        "precision_at_10": 0.00948,
        "precision_at_20": 0.00474,
        "precision_at_100": 0.00096,
        "precision_at_1000": 0.0001,
        "mrr_at_1": 0.047401,
        "mrr_at_3": 0.055301,
        "mrr_at_5": 0.057824,
        "mrr_at_10": 0.05931,
        "mrr_at_20": 0.05931,
        "mrr_at_100": 0.059359,
        "mrr_at_1000": 0.059359,
        "nauc_ndcg_at_1_max": 0.378236,
        "nauc_ndcg_at_1_std": 0.232614,
        "nauc_ndcg_at_1_diff1": 0.450118,
        "nauc_ndcg_at_3_max": 0.360722,
        "nauc_ndcg_at_3_std": 0.280017,
        "nauc_ndcg_at_3_diff1": 0.316615,
        "nauc_ndcg_at_5_max": 0.357249,
        "nauc_ndcg_at_5_std": 0.286934,
        "nauc_ndcg_at_5_diff1": 0.276925,
        "nauc_ndcg_at_10_max": 0.351439,
        "nauc_ndcg_at_10_std": 0.288391,
        "nauc_ndcg_at_10_diff1": 0.272239,
        "nauc_ndcg_at_20_max": 0.351439,
        "nauc_ndcg_at_20_std": 0.288391,
        "nauc_ndcg_at_20_diff1": 0.272239,
        "nauc_ndcg_at_100_max": 0.350444,
        "nauc_ndcg_at_100_std": 0.286733,
        "nauc_ndcg_at_100_diff1": 0.273154,
        "nauc_ndcg_at_1000_max": 0.350444,
        "nauc_ndcg_at_1000_std": 0.286733,
        "nauc_ndcg_at_1000_diff1": 0.273154,
        "nauc_map_at_1_max": 0.456365,
        "nauc_map_at_1_std": 0.310769,