{
  "dataset_revision": "main",
  "task_name": "SQuADKorV1Retrieval",
  "mteb_version": "1.38.1",
  "scores": {
    "test": [
      {
        "ndcg_at_1": 0.95376,
        "ndcg_at_3": 0.97493,
        "ndcg_at_5": 0.97678,
        "ndcg_at_10": 0.97806,
        "ndcg_at_20": 0.97863,
        "ndcg_at_100": 0.97878,
        "ndcg_at_1000": 0.97878,
        "map_at_1": 0.95376,
        "map_at_3": 0.97015,
        "map_at_5": 0.97118,
        "map_at_10": 0.9717,
        "map_at_20": 0.97186,
        "map_at_100": 0.97189,
        "map_at_1000": 0.97189,
        "recall_at_1": 0.95376,
        "recall_at_3": 0.98857,
        "recall_at_5": 0.99307,
        "recall_at_10": 0.99706,
        "recall_at_20": 0.99931,
        "recall_at_100": 1.0,
        "recall_at_1000": 1.0,
        "precision_at_1": 0.95376,
        "precision_at_3": 0.32952,
        "precision_at_5": 0.19861,
        "precision_at_10": 0.09971,
        "precision_at_20": 0.04997,
        "precision_at_100": 0.01,
        "precision_at_1000": 0.001,
        "mrr_at_1": 0.954971,
        "mrr_at_3": 0.970789,
        "mrr_at_5": 0.971828,
        "mrr_at_10": 0.972346,
        "mrr_at_20": 0.972501,
        "mrr_at_100": 0.97253,
        "mrr_at_1000": 0.97253,
        "nauc_ndcg_at_1_max": 0.625442,
        "nauc_ndcg_at_1_std": -0.184664,
        "nauc_ndcg_at_1_diff1": 0.973835,
        "nauc_ndcg_at_3_max": 0.710826,
        "nauc_ndcg_at_3_std": -0.087403,
        "nauc_ndcg_at_3_diff1": 0.970001,
        "nauc_ndcg_at_5_max": 0.69193,
        "nauc_ndcg_at_5_std": -0.112471,
        "nauc_ndcg_at_5_diff1": 0.970791,
        "nauc_ndcg_at_10_max": 0.681809,
        "nauc_ndcg_at_10_std": -0.130126,
        "nauc_ndcg_at_10_diff1": 0.971418,
        "nauc_ndcg_at_20_max": 0.676011,
        "nauc_ndcg_at_20_std": -0.133145,
        "nauc_ndcg_at_20_diff1": 0.97207,
        "nauc_ndcg_at_100_max": 0.673724,
        "nauc_ndcg_at_100_std": -0.134112,
        "nauc_ndcg_at_100_diff1": 0.971873,
        "nauc_ndcg_at_1000_max": 0.673724,
        "nauc_ndcg_at_1000_std": -0.134112,
        "nauc_ndcg_at_1000_diff1": 0.971873,
        "nauc_map_at_1_max": 0.625442,
        "nauc_map_at_1_std": -0.184664,
        "nauc_map_at_1_diff1": 0.973835,
        "nauc_map_at_3_max": 0.683376,
        "nauc_map_at_3_std": -0.11991,
        "nauc_map_at_3_diff1": 0.971325,
        "nauc_map_at_5_max": 0.673987,
        "nauc_map_at_5_std": -0.132187,
        "nauc_map_at_5_diff1": 0.971713,
        "nauc_map_at_10_max": 0.670384,
        "nauc_map_at_10_std": -0.138204,
        "nauc_map_at_10_diff1": 0.971931,
        "nauc_map_at_20_max": 0.669148,
        "nauc_map_at_20_std": -0.138821,
        "nauc_map_at_20_diff1": 0.972087,
        "nauc_map_at_100_max": 0.668802,
        "nauc_map_at_100_std": -0.138976,
        "nauc_map_at_100_diff1": 0.972058,
        "nauc_map_at_1000_max": 0.668802,
        "nauc_map_at_1000_std": -0.138976,
        "nauc_map_at_1000_diff1": 0.972058,
        "nauc_recall_at_1_max": 0.625442,
        "nauc_recall_at_1_std": -0.184664,
        "nauc_recall_at_1_diff1": 0.973835,
        "nauc_recall_at_3_max": 0.91287,
        "nauc_recall_at_3_std": 0.15341,
        "nauc_recall_at_3_diff1": 0.960143,
        "nauc_recall_at_5_max": 0.889731,
        "nauc_recall_at_5_std": 0.104385,
        "nauc_recall_at_5_diff1": 0.960378,
        "nauc_recall_at_10_max": 0.925718,
        "nauc_recall_at_10_std": -0.008314,
        "nauc_recall_at_10_diff1": 0.960594,
        "nauc_recall_at_20_max": 1.0,
        "nauc_recall_at_20_std": 0.001775,
        "nauc_recall_at_20_diff1": 1.0,
        "nauc_recall_at_100_max": NaN,
        "nauc_recall_at_100_std": NaN,
        "nauc_recall_at_100_diff1": NaN,
        "nauc_recall_at_1000_max": NaN,
        "nauc_recall_at_1000_std": NaN,
        "nauc_recall_at_1000_diff1": NaN,
        "nauc_precision_at_1_max": 0.625442,
        "nauc_precision_at_1_std": -0.184664,
        "nauc_precision_at_1_diff1": 0.973835,
        "nauc_precision_at_3_max": 0.91287,
        "nauc_precision_at_3_std": 0.15341,
        "nauc_precision_at_3_diff1": 0.960143,
        "nauc_precision_at_5_max": 0.889731,
        "nauc_precision_at_5_std": 0.104385,
        "nauc_precision_at_5_diff1": 0.960378,
        "nauc_precision_at_10_max": 0.925718,
        "nauc_precision_at_10_std": -0.008314,
        "nauc_precision_at_10_diff1": 0.960594,
        "nauc_precision_at_20_max": 1.0,
        "nauc_precision_at_20_std": 0.001775,
        "nauc_precision_at_20_diff1": 1.0,
        "nauc_precision_at_100_max": NaN,
        "nauc_precision_at_100_std": NaN,
        "nauc_precision_at_100_diff1": NaN,
        "nauc_precision_at_1000_max": 1.0,
        "nauc_precision_at_1000_std": 1.0,
        "nauc_precision_at_1000_diff1": 1.0,
        "nauc_mrr_at_1_max": 0.636156,
        "nauc_mrr_at_1_std": -0.180503,
        "nauc_mrr_at_1_diff1": 0.973131,
        "nauc_mrr_at_3_max": 0.692797,
        "nauc_mrr_at_3_std": -0.116025,
        "nauc_mrr_at_3_diff1": 0.970701,
        "nauc_mrr_at_5_max": 0.683485,
        "nauc_mrr_at_5_std": -0.127942,
        "nauc_mrr_at_5_diff1": 0.971067,
        "nauc_mrr_at_10_max": 0.679975,
        "nauc_mrr_at_10_std": -0.134019,
        "nauc_mrr_at_10_diff1": 0.971278,
        "nauc_mrr_at_20_max": 0.678764,
        "nauc_mrr_at_20_std": -0.134627,
        "nauc_mrr_at_20_diff1": 0.971434,
        "nauc_mrr_at_100_max": 0.678421,
        "nauc_mrr_at_100_std": -0.134781,
        "nauc_mrr_at_100_diff1": 0.971403,
        "nauc_mrr_at_1000_max": 0.678421,
        "nauc_mrr_at_1000_std": -0.134781,
        "nauc_mrr_at_1000_diff1": 0.971403,
        "main_score": 0.97806,
        "hf_subset": "default",
        "languages": [
          "kor-Hang"
        ]
      }
    ]
  },
  "evaluation_time": 30587.29733133316,
  "kg_co2_emissions": null
}