{
  "dataset_revision": "main",
  "task_name": "WebFAQRetrieval",
  "mteb_version": "1.38.1",
  "scores": {
    "test": [
      {
        "ndcg_at_1": 0.795,
        "ndcg_at_3": 0.85718,
        "ndcg_at_5": 0.87099,
        "ndcg_at_10": 0.88091,
        "ndcg_at_20": 0.88676,
        "ndcg_at_100": 0.88941,
        "ndcg_at_1000": 0.88941,
        "map_at_1": 0.795,
        "map_at_3": 0.84235,
        "map_at_5": 0.85002,
        "map_at_10": 0.85416,
        "map_at_20": 0.85576,
        "map_at_100": 0.85622,
        "map_at_1000": 0.85622,
        "recall_at_1": 0.795,
        "recall_at_3": 0.8999,
        "recall_at_5": 0.9334,
        "recall_at_10": 0.9638,
        "recall_at_20": 0.987,
        "recall_at_100": 1.0,
        "recall_at_1000": 1.0,
        "precision_at_1": 0.795,
        "precision_at_3": 0.29997,
        "precision_at_5": 0.18668,
        "precision_at_10": 0.09638,
        "precision_at_20": 0.04935,
        "precision_at_100": 0.01,
        "precision_at_1000": 0.001,
        "mrr_at_1": 0.7977,
        "mrr_at_3": 0.8447,
        "mrr_at_5": 0.85227,
        "mrr_at_10": 0.856385,
        "mrr_at_20": 0.857925,
        "mrr_at_100": 0.858352,
        "mrr_at_1000": 0.858352,
        "nauc_ndcg_at_1_max": 0.583147,
        "nauc_ndcg_at_1_std": 0.059098,
        "nauc_ndcg_at_1_diff1": 0.855771,
        "nauc_ndcg_at_3_max": 0.583511,
        "nauc_ndcg_at_3_std": 0.072621,
        "nauc_ndcg_at_3_diff1": 0.834666,
        "nauc_ndcg_at_5_max": 0.587399,
        "nauc_ndcg_at_5_std": 0.077032,
        "nauc_ndcg_at_5_diff1": 0.840952,
        "nauc_ndcg_at_10_max": 0.587583,
        "nauc_ndcg_at_10_std": 0.074906,
        "nauc_ndcg_at_10_diff1": 0.84598,
        "nauc_ndcg_at_20_max": 0.585899,
        "nauc_ndcg_at_20_std": 0.083629,
        "nauc_ndcg_at_20_diff1": 0.845407,
        "nauc_ndcg_at_100_max": 0.585781,
        "nauc_ndcg_at_100_std": 0.072441,
        "nauc_ndcg_at_100_diff1": 0.845203,
        "nauc_ndcg_at_1000_max": 0.585781,
        "nauc_ndcg_at_1000_std": 0.072441,
        "nauc_ndcg_at_1000_diff1": 0.845203,
        "nauc_map_at_1_max": 0.583147,
        "nauc_map_at_1_std": 0.059098,
        "nauc_map_at_1_diff1": 0.855771,
        "nauc_map_at_3_max": 0.583812,
        "nauc_map_at_3_std": 0.068496,
        "nauc_map_at_3_diff1": 0.840859,
        "nauc_map_at_5_max": 0.585603,
        "nauc_map_at_5_std": 0.070413,
        "nauc_map_at_5_diff1": 0.844228,
        "nauc_map_at_10_max": 0.585698,
        "nauc_map_at_10_std": 0.069592,
        "nauc_map_at_10_diff1": 0.846026,
        "nauc_map_at_20_max": 0.58541,
        "nauc_map_at_20_std": 0.071212,
        "nauc_map_at_20_diff1": 0.845931,
        "nauc_map_at_100_max": 0.58536,
        "nauc_map_at_100_std": 0.069756,
        "nauc_map_at_100_diff1": 0.845908,
        "nauc_map_at_1000_max": 0.58536,
        "nauc_map_at_1000_std": 0.069756,
        "nauc_map_at_1000_diff1": 0.845908,
        "nauc_recall_at_1_max": 0.583147,
        "nauc_recall_at_1_std": 0.059098,
        "nauc_recall_at_1_diff1": 0.855771,
        "nauc_recall_at_3_max": 0.581955,
        "nauc_recall_at_3_std": 0.090415,
        "nauc_recall_at_3_diff1": 0.808103,
        "nauc_recall_at_5_max": 0.599473,
        "nauc_recall_at_5_std": 0.119013,
        "nauc_recall_at_5_diff1": 0.822864,
        "nauc_recall_at_10_max": 0.609611,
        "nauc_recall_at_10_std": 0.13161,
        "nauc_recall_at_10_diff1": 0.856327,
        "nauc_recall_at_20_max": 0.586055,
        "nauc_recall_at_20_std": 0.5338,
        "nauc_recall_at_20_diff1": 0.853825,
        "nauc_recall_at_100_max": NaN,
        "nauc_recall_at_100_std": NaN,
        "nauc_recall_at_100_diff1": NaN,
        "nauc_recall_at_1000_max": NaN,
        "nauc_recall_at_1000_std": NaN,
        "nauc_recall_at_1000_diff1": NaN,
        "nauc_precision_at_1_max": 0.583147,
        "nauc_precision_at_1_std": 0.059098,
        "nauc_precision_at_1_diff1": 0.855771,
        "nauc_precision_at_3_max": 0.581955,
        "nauc_precision_at_3_std": 0.090415,
        "nauc_precision_at_3_diff1": 0.808103,
        "nauc_precision_at_5_max": 0.599473,
        "nauc_precision_at_5_std": 0.119013,
        "nauc_precision_at_5_diff1": 0.822864,
        "nauc_precision_at_10_max": 0.609611,
        "nauc_precision_at_10_std": 0.13161,
        "nauc_precision_at_10_diff1": 0.856327,
        "nauc_precision_at_20_max": 0.586055,
        "nauc_precision_at_20_std": 0.5338,
        "nauc_precision_at_20_diff1": 0.853825,
        "nauc_precision_at_100_max": 1.0,
        "nauc_precision_at_100_std": 1.0,
        "nauc_precision_at_100_diff1": 1.0,
        "nauc_precision_at_1000_max": 1.0,
        "nauc_precision_at_1000_std": 1.0,
        "nauc_precision_at_1000_diff1": 1.0,
        "nauc_mrr_at_1_max": 0.581806,
        "nauc_mrr_at_1_std": 0.056586,
        "nauc_mrr_at_1_diff1": 0.850303,
        "nauc_mrr_at_3_max": 0.584661,
        "nauc_mrr_at_3_std": 0.066366,
        "nauc_mrr_at_3_diff1": 0.836581,
        "nauc_mrr_at_5_max": 0.58658,
        "nauc_mrr_at_5_std": 0.068649,
        "nauc_mrr_at_5_diff1": 0.839733,
        "nauc_mrr_at_10_max": 0.586703,
        "nauc_mrr_at_10_std": 0.067831,
        "nauc_mrr_at_10_diff1": 0.841598,
        "nauc_mrr_at_20_max": 0.586261,
        "nauc_mrr_at_20_std": 0.069565,
        "nauc_mrr_at_20_diff1": 0.841359,
        "nauc_mrr_at_100_max": 0.58618,
        "nauc_mrr_at_100_std": 0.06811,
        "nauc_mrr_at_100_diff1": 0.841354,
        "nauc_mrr_at_1000_max": 0.58618,
        "nauc_mrr_at_1000_std": 0.06811,
        "nauc_mrr_at_1000_diff1": 0.841354,
        "main_score": 0.88091,
        "hf_subset": "default",
        "languages": [
          "kor-Hang"
        ]
      }
    ]
  },
  "evaluation_time": 21828.621957540512,
  "kg_co2_emissions": null
}