{
  "dataset_revision": "main",
  "task_name": "SQuADKorV1Retrieval",
  "mteb_version": "1.38.1",
  "scores": {
    "test": [
      {
        "ndcg_at_1": 0.94943,
        "ndcg_at_3": 0.97595,
        "ndcg_at_5": 0.97748,
        "ndcg_at_10": 0.97834,
        "ndcg_at_20": 0.97847,
        "ndcg_at_100": 0.97854,
        "ndcg_at_1000": 0.97854,
        "map_at_1": 0.94943,
        "map_at_3": 0.97007,
        "map_at_5": 0.97089,
        "map_at_10": 0.97126,
        "map_at_20": 0.97129,
        "map_at_100": 0.97131,
        "map_at_1000": 0.97131,
        "recall_at_1": 0.94943,
        "recall_at_3": 0.99273,
        "recall_at_5": 0.99654,
        "recall_at_10": 0.99913,
        "recall_at_20": 0.99965,
        "recall_at_100": 1.0,
        "recall_at_1000": 1.0,
        "precision_at_1": 0.94943,
        "precision_at_3": 0.33091,
        "precision_at_5": 0.19931,
        "precision_at_10": 0.09991,
        "precision_at_20": 0.04998,
        "precision_at_100": 0.01,
        "precision_at_1000": 0.001,
        "mrr_at_1": 0.971424,
        "mrr_at_3": 0.981642,
        "mrr_at_5": 0.982387,
        "mrr_at_10": 0.982759,
        "mrr_at_20": 0.982795,
        "mrr_at_100": 0.982809,
        "mrr_at_1000": 0.982809,
        "nauc_ndcg_at_1_max": 0.174815,
        "nauc_ndcg_at_1_std": -0.825951,
        "nauc_ndcg_at_1_diff1": 0.921656,
        "nauc_ndcg_at_3_max": 0.272105,
        "nauc_ndcg_at_3_std": -0.713118,
        "nauc_ndcg_at_3_diff1": 0.913892,
        "nauc_ndcg_at_5_max": 0.251849,
        "nauc_ndcg_at_5_std": -0.731771,
        "nauc_ndcg_at_5_diff1": 0.916034,
        "nauc_ndcg_at_10_max": 0.232295,
        "nauc_ndcg_at_10_std": -0.758737,
        "nauc_ndcg_at_10_diff1": 0.916774,
        "nauc_ndcg_at_20_max": 0.22788,
        "nauc_ndcg_at_20_std": -0.764048,
        "nauc_ndcg_at_20_diff1": 0.916794,
        "nauc_ndcg_at_100_max": 0.225219,
        "nauc_ndcg_at_100_std": -0.770127,
        "nauc_ndcg_at_100_diff1": 0.91674,
        "nauc_ndcg_at_1000_max": 0.225219,
        "nauc_ndcg_at_1000_std": -0.770127,
        "nauc_ndcg_at_1000_diff1": 0.91674,
        "nauc_map_at_1_max": 0.174815,
        "nauc_map_at_1_std": -0.825951,
        "nauc_map_at_1_diff1": 0.921656,
        "nauc_map_at_3_max": 0.237279,
        "nauc_map_at_3_std": -0.756401,
        "nauc_map_at_3_diff1": 0.915908,
        "nauc_map_at_5_max": 0.227685,
        "nauc_map_at_5_std": -0.765676,
        "nauc_map_at_5_diff1": 0.916808,
        "nauc_map_at_10_max": 0.221059,
        "nauc_map_at_10_std": -0.775015,
        "nauc_map_at_10_diff1": 0.917071,
        "nauc_map_at_20_max": 0.220144,
        "nauc_map_at_20_std": -0.776181,
        "nauc_map_at_20_diff1": 0.917074,
        "nauc_map_at_100_max": 0.219762,
        "nauc_map_at_100_std": -0.777051,
        "nauc_map_at_100_diff1": 0.917069,
        "nauc_map_at_1000_max": 0.219762,
        "nauc_map_at_1000_std": -0.777051,
        "nauc_map_at_1000_diff1": 0.917069,
        "nauc_recall_at_1_max": 0.174815,
        "nauc_recall_at_1_std": -0.825951,
        "nauc_recall_at_1_diff1": 0.921656,
        "nauc_recall_at_3_max": 0.67749,
        "nauc_recall_at_3_std": -0.203695,
        "nauc_recall_at_3_diff1": 0.891906,
        "nauc_recall_at_5_max": 0.800664,
        "nauc_recall_at_5_std": 0.063801,
        "nauc_recall_at_5_diff1": 0.904183,
        "nauc_recall_at_10_max": 0.973858,
        "nauc_recall_at_10_std": 0.451945,
        "nauc_recall_at_10_diff1": 0.921575,
        "nauc_recall_at_20_max": 1.0,
        "nauc_recall_at_20_std": 1.0,
        "nauc_recall_at_20_diff1": 0.934646,
        "nauc_recall_at_100_max": NaN,
        "nauc_recall_at_100_std": NaN,
        "nauc_recall_at_100_diff1": NaN,
        "nauc_recall_at_1000_max": NaN,
        "nauc_recall_at_1000_std": NaN,
        "nauc_recall_at_1000_diff1": NaN,
        "nauc_precision_at_1_max": 0.174815,
        "nauc_precision_at_1_std": -0.825951,
        "nauc_precision_at_1_diff1": 0.921656,
        "nauc_precision_at_3_max": 0.67749,
        "nauc_precision_at_3_std": -0.203695,
        "nauc_precision_at_3_diff1": 0.891906,
        "nauc_precision_at_5_max": 0.800664,
        "nauc_precision_at_5_std": 0.063801,
        "nauc_precision_at_5_diff1": 0.904183,
        "nauc_precision_at_10_max": 0.973858,
        "nauc_precision_at_10_std": 0.451945,
        "nauc_precision_at_10_diff1": 0.921575,
        "nauc_precision_at_20_max": 1.0,
        "nauc_precision_at_20_std": 1.0,
        "nauc_precision_at_20_diff1": 0.934646,
        "nauc_precision_at_100_max": NaN,
        "nauc_precision_at_100_std": NaN,
        "nauc_precision_at_100_diff1": NaN,
        "nauc_precision_at_1000_max": 1.0,
        "nauc_precision_at_1000_std": 1.0,
        "nauc_precision_at_1000_diff1": 1.0,
        "nauc_mrr_at_1_max": 0.609517,
        "nauc_mrr_at_1_std": -0.2649,
        "nauc_mrr_at_1_diff1": 0.861356,
        "nauc_mrr_at_3_max": 0.634894,
        "nauc_mrr_at_3_std": -0.247131,
        "nauc_mrr_at_3_diff1": 0.862887,
        "nauc_mrr_at_5_max": 0.633656,
        "nauc_mrr_at_5_std": -0.245282,
        "nauc_mrr_at_5_diff1": 0.862506,
        "nauc_mrr_at_10_max": 0.631107,
        "nauc_mrr_at_10_std": -0.250229,
        "nauc_mrr_at_10_diff1": 0.861741,
        "nauc_mrr_at_20_max": 0.630427,
        "nauc_mrr_at_20_std": -0.251089,
        "nauc_mrr_at_20_diff1": 0.861632,
        "nauc_mrr_at_100_max": 0.630125,
        "nauc_mrr_at_100_std": -0.252112,
        "nauc_mrr_at_100_diff1": 0.861579,
        "nauc_mrr_at_1000_max": 0.630125,
        "nauc_mrr_at_1000_std": -0.252112,
        "nauc_mrr_at_1000_diff1": 0.861579,
        "main_score": 0.97834,
        "hf_subset": "default",
        "languages": [
          "kor-Hang"
        ]
      }
    ]
  },
  "evaluation_time": 2420.5921144485474,
  "kg_co2_emissions": null
}