{
  "dataset_revision": "main",
  "task_name": "WebFAQRetrieval",
  "mteb_version": "1.38.1",
  "scores": {
    "test": [
      {
        "ndcg_at_1": 0.7835,
        "ndcg_at_3": 0.85574,
        "ndcg_at_5": 0.86927,
        "ndcg_at_10": 0.87949,
        "ndcg_at_20": 0.88477,
        "ndcg_at_100": 0.88679,
        "ndcg_at_1000": 0.88679,
        "map_at_1": 0.7835,
        "map_at_3": 0.83857,
        "map_at_5": 0.84608,
        "map_at_10": 0.85033,
        "map_at_20": 0.85181,
        "map_at_100": 0.85216,
        "map_at_1000": 0.85216,
        "recall_at_1": 0.7835,
        "recall_at_3": 0.9052,
        "recall_at_5": 0.938,
        "recall_at_10": 0.9695,
        "recall_at_20": 0.9901,
        "recall_at_100": 1.0,
        "recall_at_1000": 1.0,
        "precision_at_1": 0.7835,
        "precision_at_3": 0.30173,
        "precision_at_5": 0.1876,
        "precision_at_10": 0.09695,
        "precision_at_20": 0.04951,
        "precision_at_100": 0.01,
        "precision_at_1000": 0.001,
        "mrr_at_1": 0.8226,
        "mrr_at_3": 0.86205,
        "mrr_at_5": 0.86894,
        "mrr_at_10": 0.872934,
        "mrr_at_20": 0.874371,
        "mrr_at_100": 0.8747,
        "mrr_at_1000": 0.8747,
        "nauc_ndcg_at_1_max": 0.391005,
        "nauc_ndcg_at_1_std": -0.34466,
        "nauc_ndcg_at_1_diff1": 0.73348,
        "nauc_ndcg_at_3_max": 0.427568,
        "nauc_ndcg_at_3_std": -0.310875,
        "nauc_ndcg_at_3_diff1": 0.695337,
        "nauc_ndcg_at_5_max": 0.423204,
        "nauc_ndcg_at_5_std": -0.311532,
        "nauc_ndcg_at_5_diff1": 0.702288,
        "nauc_ndcg_at_10_max": 0.421264,
        "nauc_ndcg_at_10_std": -0.320319,
        "nauc_ndcg_at_10_diff1": 0.708441,
        "nauc_ndcg_at_20_max": 0.415077,
        "nauc_ndcg_at_20_std": -0.327033,
        "nauc_ndcg_at_20_diff1": 0.711994,
        "nauc_ndcg_at_100_max": 0.414553,
        "nauc_ndcg_at_100_std": -0.325379,
        "nauc_ndcg_at_100_diff1": 0.711814,
        "nauc_ndcg_at_1000_max": 0.414553,
        "nauc_ndcg_at_1000_std": -0.325379,
        "nauc_ndcg_at_1000_diff1": 0.711814,
        "nauc_map_at_1_max": 0.391005,
        "nauc_map_at_1_std": -0.34466,
        "nauc_map_at_1_diff1": 0.73348,
        "nauc_map_at_3_max": 0.417452,
        "nauc_map_at_3_std": -0.321234,
        "nauc_map_at_3_diff1": 0.706591,
        "nauc_map_at_5_max": 0.414927,
        "nauc_map_at_5_std": -0.322157,
        "nauc_map_at_5_diff1": 0.710639,
        "nauc_map_at_10_max": 0.413874,
        "nauc_map_at_10_std": -0.325854,
        "nauc_map_at_10_diff1": 0.712934,
        "nauc_map_at_20_max": 0.412468,
        "nauc_map_at_20_std": -0.327346,
        "nauc_map_at_20_diff1": 0.71375,
        "nauc_map_at_100_max": 0.412332,
        "nauc_map_at_100_std": -0.327139,
        "nauc_map_at_100_diff1": 0.713755,
        "nauc_map_at_1000_max": 0.412332,
        "nauc_map_at_1000_std": -0.327139,
        "nauc_map_at_1000_diff1": 0.713755,
        "nauc_recall_at_1_max": 0.391005,
        "nauc_recall_at_1_std": -0.34466,
        "nauc_recall_at_1_diff1": 0.73348,
        "nauc_recall_at_3_max": 0.473422,
        "nauc_recall_at_3_std": -0.263157,
        "nauc_recall_at_3_diff1": 0.643795,
        "nauc_recall_at_5_max": 0.475811,
        "nauc_recall_at_5_std": -0.240405,
        "nauc_recall_at_5_diff1": 0.648663,
        "nauc_recall_at_10_max": 0.511584,
        "nauc_recall_at_10_std": -0.257301,
        "nauc_recall_at_10_diff1": 0.664398,
        "nauc_recall_at_20_max": 0.432669,
        "nauc_recall_at_20_std": -0.416296,
        "nauc_recall_at_20_diff1": 0.72574,
        "nauc_recall_at_100_max": NaN,
        "nauc_recall_at_100_std": NaN,
        "nauc_recall_at_100_diff1": NaN,
        "nauc_recall_at_1000_max": NaN,
        "nauc_recall_at_1000_std": NaN,
        "nauc_recall_at_1000_diff1": NaN,
        "nauc_precision_at_1_max": 0.391005,
        "nauc_precision_at_1_std": -0.34466,
        "nauc_precision_at_1_diff1": 0.73348,
        "nauc_precision_at_3_max": 0.473422,
        "nauc_precision_at_3_std": -0.263157,
        "nauc_precision_at_3_diff1": 0.643795,
        "nauc_precision_at_5_max": 0.475811,
        "nauc_precision_at_5_std": -0.240405,
        "nauc_precision_at_5_diff1": 0.648663,
        "nauc_precision_at_10_max": 0.511584,
        "nauc_precision_at_10_std": -0.257301,
        "nauc_precision_at_10_diff1": 0.664398,
        "nauc_precision_at_20_max": 0.432669,
        "nauc_precision_at_20_std": -0.416296,
        "nauc_precision_at_20_diff1": 0.72574,
        "nauc_precision_at_100_max": 1.0,
        "nauc_precision_at_100_std": 1.0,
        "nauc_precision_at_100_diff1": 1.0,
        "nauc_precision_at_1000_max": 1.0,
        "nauc_precision_at_1000_std": 1.0,
        "nauc_precision_at_1000_diff1": 1.0,
        "nauc_mrr_at_1_max": 0.570837,
        "nauc_mrr_at_1_std": -0.086918,
        "nauc_mrr_at_1_diff1": 0.638135,
        "nauc_mrr_at_3_max": 0.554002,
        "nauc_mrr_at_3_std": -0.122296,
        "nauc_mrr_at_3_diff1": 0.63399,
        "nauc_mrr_at_5_max": 0.552746,
        "nauc_mrr_at_5_std": -0.121934,
        "nauc_mrr_at_5_diff1": 0.636278,
        "nauc_mrr_at_10_max": 0.555522,
        "nauc_mrr_at_10_std": -0.120606,
        "nauc_mrr_at_10_diff1": 0.637012,
        "nauc_mrr_at_20_max": 0.555483,
        "nauc_mrr_at_20_std": -0.120039,
        "nauc_mrr_at_20_diff1": 0.637131,
        "nauc_mrr_at_100_max": 0.555744,
        "nauc_mrr_at_100_std": -0.119187,
        "nauc_mrr_at_100_diff1": 0.636969,
        "nauc_mrr_at_1000_max": 0.555744,
        "nauc_mrr_at_1000_std": -0.119187,
        "nauc_mrr_at_1000_diff1": 0.636969,
        "main_score": 0.87949,
        "hf_subset": "default",
        "languages": [
          "kor-Hang"
        ]
      }
    ]
  },
  "evaluation_time": 3239.6511628627777,
  "kg_co2_emissions": null
}