{
  "dataset_revision": "main",
  "task_name": "SQuADKorV1Retrieval",
  "mteb_version": "1.38.1",
  "scores": {
    "test": [
      {
        "ndcg_at_1": 0.9477,
        "ndcg_at_3": 0.97265,
        "ndcg_at_5": 0.9747,
        "ndcg_at_10": 0.97563,
        "ndcg_at_20": 0.9763,
        "ndcg_at_100": 0.97656,
        "ndcg_at_1000": 0.97656,
        "map_at_1": 0.9477,
        "map_at_3": 0.96707,
        "map_at_5": 0.96823,
        "map_at_10": 0.96865,
        "map_at_20": 0.96883,
        "map_at_100": 0.96888,
        "map_at_1000": 0.96888,
        "recall_at_1": 0.9477,
        "recall_at_3": 0.98857,
        "recall_at_5": 0.99342,
        "recall_at_10": 0.99619,
        "recall_at_20": 0.99879,
        "recall_at_100": 1.0,
        "recall_at_1000": 1.0,
        "precision_at_1": 0.9477,
        "precision_at_3": 0.32952,
        "precision_at_5": 0.19868,
        "precision_at_10": 0.09962,
        "precision_at_20": 0.04994,
        "precision_at_100": 0.01,
        "precision_at_1000": 0.001,
        "mrr_at_1": 0.950121,
        "mrr_at_3": 0.968537,
        "mrr_at_5": 0.969706,
        "mrr_at_10": 0.970089,
        "mrr_at_20": 0.970279,
        "mrr_at_100": 0.970329,
        "mrr_at_1000": 0.970329,
        "nauc_ndcg_at_1_max": 0.581425,
        "nauc_ndcg_at_1_std": -0.297002,
        "nauc_ndcg_at_1_diff1": 0.956305,
        "nauc_ndcg_at_3_max": 0.665605,
        "nauc_ndcg_at_3_std": -0.155159,
        "nauc_ndcg_at_3_diff1": 0.950794,
        "nauc_ndcg_at_5_max": 0.648179,
        "nauc_ndcg_at_5_std": -0.171518,
        "nauc_ndcg_at_5_diff1": 0.949425,
        "nauc_ndcg_at_10_max": 0.637805,
        "nauc_ndcg_at_10_std": -0.183723,
        "nauc_ndcg_at_10_diff1": 0.948448,
        "nauc_ndcg_at_20_max": 0.631893,
        "nauc_ndcg_at_20_std": -0.201424,
        "nauc_ndcg_at_20_diff1": 0.950231,
        "nauc_ndcg_at_100_max": 0.628722,
        "nauc_ndcg_at_100_std": -0.209064,
        "nauc_ndcg_at_100_diff1": 0.951758,
        "nauc_ndcg_at_1000_max": 0.628722,
        "nauc_ndcg_at_1000_std": -0.209064,
        "nauc_ndcg_at_1000_diff1": 0.951758,
        "nauc_map_at_1_max": 0.581425,
        "nauc_map_at_1_std": -0.297002,
        "nauc_map_at_1_diff1": 0.956305,
        "nauc_map_at_3_max": 0.638173,
        "nauc_map_at_3_std": -0.200735,
        "nauc_map_at_3_diff1": 0.95267,
        "nauc_map_at_5_max": 0.629206,
        "nauc_map_at_5_std": -0.209937,
        "nauc_map_at_5_diff1": 0.952104,
        "nauc_map_at_10_max": 0.625471,
        "nauc_map_at_10_std": -0.214577,
        "nauc_map_at_10_diff1": 0.951818,
        "nauc_map_at_20_max": 0.624187,
        "nauc_map_at_20_std": -0.218379,
        "nauc_map_at_20_diff1": 0.952275,
        "nauc_map_at_100_max": 0.623725,
        "nauc_map_at_100_std": -0.219427,
        "nauc_map_at_100_diff1": 0.952503,
        "nauc_map_at_1000_max": 0.623725,
        "nauc_map_at_1000_std": -0.219427,
        "nauc_map_at_1000_diff1": 0.952503,
        "nauc_recall_at_1_max": 0.581425,
        "nauc_recall_at_1_std": -0.297002,
        "nauc_recall_at_1_diff1": 0.956305,
        "nauc_recall_at_3_max": 0.887978,
        "nauc_recall_at_3_std": 0.213387,
        "nauc_recall_at_3_diff1": 0.93547,
        "nauc_recall_at_5_max": 0.894248,
        "nauc_recall_at_5_std": 0.338109,
        "nauc_recall_at_5_diff1": 0.912,
        "nauc_recall_at_10_max": 0.875036,
        "nauc_recall_at_10_std": 0.477541,
        "nauc_recall_at_10_diff1": 0.865824,
        "nauc_recall_at_20_max": 0.920636,
        "nauc_recall_at_20_std": 0.510496,
        "nauc_recall_at_20_diff1": 0.813999,
        "nauc_recall_at_100_max": NaN,
        "nauc_recall_at_100_std": NaN,
        "nauc_recall_at_100_diff1": NaN,
        "nauc_recall_at_1000_max": NaN,
        "nauc_recall_at_1000_std": NaN,
        "nauc_recall_at_1000_diff1": NaN,
        "nauc_precision_at_1_max": 0.581425,
        "nauc_precision_at_1_std": -0.297002,
        "nauc_precision_at_1_diff1": 0.956305,
        "nauc_precision_at_3_max": 0.887978,
        "nauc_precision_at_3_std": 0.213387,
        "nauc_precision_at_3_diff1": 0.93547,
        "nauc_precision_at_5_max": 0.894248,
        "nauc_precision_at_5_std": 0.338109,
        "nauc_precision_at_5_diff1": 0.912,
        "nauc_precision_at_10_max": 0.875036,
        "nauc_precision_at_10_std": 0.477541,
        "nauc_precision_at_10_diff1": 0.865824,
        "nauc_precision_at_20_max": 0.920636,
        "nauc_precision_at_20_std": 0.510496,
        "nauc_precision_at_20_diff1": 0.813999,
        "nauc_precision_at_100_max": NaN,
        "nauc_precision_at_100_std": NaN,
        "nauc_precision_at_100_diff1": NaN,
        "nauc_precision_at_1000_max": 1.0,
        "nauc_precision_at_1000_std": 1.0,
        "nauc_precision_at_1000_diff1": 1.0,
        "nauc_mrr_at_1_max": 0.611587,
        "nauc_mrr_at_1_std": -0.252004,
        "nauc_mrr_at_1_diff1": 0.954181,
        "nauc_mrr_at_3_max": 0.667671,
        "nauc_mrr_at_3_std": -0.158707,
        "nauc_mrr_at_3_diff1": 0.950456,
        "nauc_mrr_at_5_max": 0.659557,
        "nauc_mrr_at_5_std": -0.163601,
        "nauc_mrr_at_5_diff1": 0.949814,
        "nauc_mrr_at_10_max": 0.656262,
        "nauc_mrr_at_10_std": -0.169348,
        "nauc_mrr_at_10_diff1": 0.949531,
        "nauc_mrr_at_20_max": 0.655092,
        "nauc_mrr_at_20_std": -0.173111,
        "nauc_mrr_at_20_diff1": 0.949993,
        "nauc_mrr_at_100_max": 0.654656,
        "nauc_mrr_at_100_std": -0.174145,
        "nauc_mrr_at_100_diff1": 0.950228,
        "nauc_mrr_at_1000_max": 0.654656,
        "nauc_mrr_at_1000_std": -0.174145,
        "nauc_mrr_at_1000_diff1": 0.950228,
        "main_score": 0.97563,
        "hf_subset": "default",
        "languages": [
          "kor-Hang"
        ]
      }
    ]
  },
  "evaluation_time": 1531.926459312439,
  "kg_co2_emissions": null
}