{
  "dataset_revision": "main",
  "task_name": "WebFAQRetrieval",
  "mteb_version": "1.38.1",
  "scores": {
    "test": [
      {
        "ndcg_at_1": 0.7453,
        "ndcg_at_3": 0.81468,
        "ndcg_at_5": 0.82946,
        "ndcg_at_10": 0.84192,
        "ndcg_at_20": 0.8502,
        "ndcg_at_100": 0.85627,
        "ndcg_at_1000": 0.85627,
        "map_at_1": 0.7453,
        "map_at_3": 0.79812,
        "map_at_5": 0.80634,
        "map_at_10": 0.81153,
        "map_at_20": 0.81383,
        "map_at_100": 0.81478,
        "map_at_1000": 0.81478,
        "recall_at_1": 0.7453,
        "recall_at_3": 0.8624,
        "recall_at_5": 0.8982,
        "recall_at_10": 0.9365,
        "recall_at_20": 0.969,
        "recall_at_100": 1.0,
        "recall_at_1000": 1.0,
        "precision_at_1": 0.7453,
        "precision_at_3": 0.28747,
        "precision_at_5": 0.17964,
        "precision_at_10": 0.09365,
        "precision_at_20": 0.04845,
        "precision_at_100": 0.01,
        "precision_at_1000": 0.001,
        "mrr_at_1": 0.7494,
        "mrr_at_3": 0.801267,
        "mrr_at_5": 0.809402,
        "mrr_at_10": 0.814508,
        "mrr_at_20": 0.8168,
        "mrr_at_100": 0.817714,
        "mrr_at_1000": 0.817714,
        "nauc_ndcg_at_1_max": 0.596338,
        "nauc_ndcg_at_1_std": 0.024681,
        "nauc_ndcg_at_1_diff1": 0.838226,
        "nauc_ndcg_at_3_max": 0.608103,
        "nauc_ndcg_at_3_std": 0.058782,
        "nauc_ndcg_at_3_diff1": 0.808255,
        "nauc_ndcg_at_5_max": 0.607807,
        "nauc_ndcg_at_5_std": 0.065616,
        "nauc_ndcg_at_5_diff1": 0.804845,
        "nauc_ndcg_at_10_max": 0.61041,
        "nauc_ndcg_at_10_std": 0.069332,
        "nauc_ndcg_at_10_diff1": 0.809416,
        "nauc_ndcg_at_20_max": 0.608137,
        "nauc_ndcg_at_20_std": 0.066954,
        "nauc_ndcg_at_20_diff1": 0.81294,
        "nauc_ndcg_at_100_max": 0.606166,
        "nauc_ndcg_at_100_std": 0.056875,
        "nauc_ndcg_at_100_diff1": 0.815197,
        "nauc_ndcg_at_1000_max": 0.606166,
        "nauc_ndcg_at_1000_std": 0.056875,
        "nauc_ndcg_at_1000_diff1": 0.815197,
        "nauc_map_at_1_max": 0.596338,
        "nauc_map_at_1_std": 0.024681,
        "nauc_map_at_1_diff1": 0.838226,
        "nauc_map_at_3_max": 0.605003,
        "nauc_map_at_3_std": 0.049469,
        "nauc_map_at_3_diff1": 0.816024,
        "nauc_map_at_5_max": 0.604721,
        "nauc_map_at_5_std": 0.052549,
        "nauc_map_at_5_diff1": 0.814638,
        "nauc_map_at_10_max": 0.605506,
        "nauc_map_at_10_std": 0.053417,
        "nauc_map_at_10_diff1": 0.816533,
        "nauc_map_at_20_max": 0.604935,
        "nauc_map_at_20_std": 0.052725,
        "nauc_map_at_20_diff1": 0.817428,
        "nauc_map_at_100_max": 0.604726,
        "nauc_map_at_100_std": 0.051528,
        "nauc_map_at_100_diff1": 0.817758,
        "nauc_map_at_1000_max": 0.604726,
        "nauc_map_at_1000_std": 0.051528,
        "nauc_map_at_1000_diff1": 0.817758,
        "nauc_recall_at_1_max": 0.596338,
        "nauc_recall_at_1_std": 0.024681,
        "nauc_recall_at_1_diff1": 0.838226,
        "nauc_recall_at_3_max": 0.62033,
        "nauc_recall_at_3_std": 0.095712,
        "nauc_recall_at_3_diff1": 0.777702,
        "nauc_recall_at_5_max": 0.623032,
        "nauc_recall_at_5_std": 0.1324,
        "nauc_recall_at_5_diff1": 0.755509,
        "nauc_recall_at_10_max": 0.651055,
        "nauc_recall_at_10_std": 0.199374,
        "nauc_recall_at_10_diff1": 0.758352,
        "nauc_recall_at_20_max": 0.653794,
        "nauc_recall_at_20_std": 0.292018,
        "nauc_recall_at_20_diff1": 0.76615,
        "nauc_recall_at_100_max": NaN,
        "nauc_recall_at_100_std": NaN,
        "nauc_recall_at_100_diff1": NaN,
        "nauc_recall_at_1000_max": NaN,
        "nauc_recall_at_1000_std": NaN,
        "nauc_recall_at_1000_diff1": NaN,
        "nauc_precision_at_1_max": 0.596338,
        "nauc_precision_at_1_std": 0.024681,
        "nauc_precision_at_1_diff1": 0.838226,
        "nauc_precision_at_3_max": 0.62033,
        "nauc_precision_at_3_std": 0.095712,
        "nauc_precision_at_3_diff1": 0.777702,
        "nauc_precision_at_5_max": 0.623032,
        "nauc_precision_at_5_std": 0.1324,
        "nauc_precision_at_5_diff1": 0.755509,
        "nauc_precision_at_10_max": 0.651055,
        "nauc_precision_at_10_std": 0.199374,
        "nauc_precision_at_10_diff1": 0.758352,
        "nauc_precision_at_20_max": 0.653794,
        "nauc_precision_at_20_std": 0.292018,
        "nauc_precision_at_20_diff1": 0.76615,
        "nauc_precision_at_100_max": 1.0,
        "nauc_precision_at_100_std": 1.0,
        "nauc_precision_at_100_diff1": 1.0,
        "nauc_precision_at_1000_max": 1.0,
        "nauc_precision_at_1000_std": 1.0,
        "nauc_precision_at_1000_diff1": 1.0,
        "nauc_mrr_at_1_max": 0.595951,
        "nauc_mrr_at_1_std": 0.025564,
        "nauc_mrr_at_1_diff1": 0.830986,
        "nauc_mrr_at_3_max": 0.603468,
        "nauc_mrr_at_3_std": 0.048556,
        "nauc_mrr_at_3_diff1": 0.810562,
        "nauc_mrr_at_5_max": 0.60308,
        "nauc_mrr_at_5_std": 0.051227,
        "nauc_mrr_at_5_diff1": 0.808902,
        "nauc_mrr_at_10_max": 0.604167,
        "nauc_mrr_at_10_std": 0.052676,
        "nauc_mrr_at_10_diff1": 0.810835,
        "nauc_mrr_at_20_max": 0.603547,
        "nauc_mrr_at_20_std": 0.051913,
        "nauc_mrr_at_20_diff1": 0.811653,
        "nauc_mrr_at_100_max": 0.603382,
        "nauc_mrr_at_100_std": 0.050844,
        "nauc_mrr_at_100_diff1": 0.811973,
        "nauc_mrr_at_1000_max": 0.603382,
        "nauc_mrr_at_1000_std": 0.050844,
        "nauc_mrr_at_1000_diff1": 0.811973,
        "main_score": 0.84192,
        "hf_subset": "default",
        "languages": [
          "kor-Hang"
        ]
      }
    ]
  },
  "evaluation_time": 2176.6368973255157,
  "kg_co2_emissions": null
}