{
  "dataset_revision": "main",
  "task_name": "SQuADKorV1Retrieval",
  "mteb_version": "1.38.1",
  "scores": {
    "test": [
      {
        "ndcg_at_1": 0.95826,
        "ndcg_at_3": 0.97832,
        "ndcg_at_5": 0.97998,
        "ndcg_at_10": 0.98067,
        "ndcg_at_20": 0.98111,
        "ndcg_at_100": 0.98133,
        "ndcg_at_1000": 0.98133,
        "map_at_1": 0.95826,
        "map_at_3": 0.97382,
        "map_at_5": 0.97475,
        "map_at_10": 0.97505,
        "map_at_20": 0.97517,
        "map_at_100": 0.97521,
        "map_at_1000": 0.97521,
        "recall_at_1": 0.95826,
        "recall_at_3": 0.99117,
        "recall_at_5": 0.99515,
        "recall_at_10": 0.99723,
        "recall_at_20": 0.99896,
        "recall_at_100": 1.0,
        "recall_at_1000": 1.0,
        "precision_at_1": 0.95826,
        "precision_at_3": 0.33039,
        "precision_at_5": 0.19903,
        "precision_at_10": 0.09972,
        "precision_at_20": 0.04995,
        "precision_at_100": 0.01,
        "precision_at_1000": 0.001,
        "mrr_at_1": 0.965882,
        "mrr_at_3": 0.977832,
        "mrr_at_5": 0.978724,
        "mrr_at_10": 0.979034,
        "mrr_at_20": 0.97914,
        "mrr_at_100": 0.979183,
        "mrr_at_1000": 0.979183,
        "nauc_ndcg_at_1_max": 0.518605,
        "nauc_ndcg_at_1_std": -0.635767,
        "nauc_ndcg_at_1_diff1": 0.945016,
        "nauc_ndcg_at_3_max": 0.630495,
        "nauc_ndcg_at_3_std": -0.521143,
        "nauc_ndcg_at_3_diff1": 0.942226,
        "nauc_ndcg_at_5_max": 0.60674,
        "nauc_ndcg_at_5_std": -0.520481,
        "nauc_ndcg_at_5_diff1": 0.944185,
        "nauc_ndcg_at_10_max": 0.59275,
        "nauc_ndcg_at_10_std": -0.555579,
        "nauc_ndcg_at_10_diff1": 0.943477,
        "nauc_ndcg_at_20_max": 0.585385,
        "nauc_ndcg_at_20_std": -0.557608,
        "nauc_ndcg_at_20_diff1": 0.943853,
        "nauc_ndcg_at_100_max": 0.582223,
        "nauc_ndcg_at_100_std": -0.567372,
        "nauc_ndcg_at_100_diff1": 0.943453,
        "nauc_ndcg_at_1000_max": 0.582223,
        "nauc_ndcg_at_1000_std": -0.567372,
        "nauc_ndcg_at_1000_diff1": 0.943453,
        "nauc_map_at_1_max": 0.518605,
        "nauc_map_at_1_std": -0.635767,
        "nauc_map_at_1_diff1": 0.945016,
        "nauc_map_at_3_max": 0.594822,
        "nauc_map_at_3_std": -0.561268,
        "nauc_map_at_3_diff1": 0.942706,
        "nauc_map_at_5_max": 0.582936,
        "nauc_map_at_5_std": -0.561864,
        "nauc_map_at_5_diff1": 0.943596,
        "nauc_map_at_10_max": 0.578037,
        "nauc_map_at_10_std": -0.57364,
        "nauc_map_at_10_diff1": 0.943385,
        "nauc_map_at_20_max": 0.57636,
        "nauc_map_at_20_std": -0.574468,
        "nauc_map_at_20_diff1": 0.94348,
        "nauc_map_at_100_max": 0.575896,
        "nauc_map_at_100_std": -0.575837,
        "nauc_map_at_100_diff1": 0.943424,
        "nauc_map_at_1000_max": 0.575896,
        "nauc_map_at_1000_std": -0.575837,
        "nauc_map_at_1000_diff1": 0.943424,
        "nauc_recall_at_1_max": 0.518605,
        "nauc_recall_at_1_std": -0.635767,
        "nauc_recall_at_1_diff1": 0.945016,
        "nauc_recall_at_3_max": 0.926642,
        "nauc_recall_at_3_std": -0.18276,
        "nauc_recall_at_3_diff1": 0.938854,
        "nauc_recall_at_5_max": 0.934241,
        "nauc_recall_at_5_std": 0.088928,
        "nauc_recall_at_5_diff1": 0.955484,
        "nauc_recall_at_10_max": 0.884921,
        "nauc_recall_at_10_std": -0.208012,
        "nauc_recall_at_10_diff1": 0.947628,
        "nauc_recall_at_20_max": 0.853795,
        "nauc_recall_at_20_std": 0.282705,
        "nauc_recall_at_20_diff1": 0.978215,
        "nauc_recall_at_100_max": NaN,
        "nauc_recall_at_100_std": NaN,
        "nauc_recall_at_100_diff1": NaN,
        "nauc_recall_at_1000_max": NaN,
        "nauc_recall_at_1000_std": NaN,
        "nauc_recall_at_1000_diff1": NaN,
        "nauc_precision_at_1_max": 0.518605,
        "nauc_precision_at_1_std": -0.635767,
        "nauc_precision_at_1_diff1": 0.945016,
        "nauc_precision_at_3_max": 0.926642,
        "nauc_precision_at_3_std": -0.18276,
        "nauc_precision_at_3_diff1": 0.938854,
        "nauc_precision_at_5_max": 0.934241,
        "nauc_precision_at_5_std": 0.088928,
        "nauc_precision_at_5_diff1": 0.955484,
        "nauc_precision_at_10_max": 0.884921,
        "nauc_precision_at_10_std": -0.208012,
        "nauc_precision_at_10_diff1": 0.947628,
        "nauc_precision_at_20_max": 0.853795,
        "nauc_precision_at_20_std": 0.282705,
        "nauc_precision_at_20_diff1": 0.978215,
        "nauc_precision_at_100_max": NaN,
        "nauc_precision_at_100_std": NaN,
        "nauc_precision_at_100_diff1": NaN,
        "nauc_precision_at_1000_max": 1.0,
        "nauc_precision_at_1000_std": 1.0,
        "nauc_precision_at_1000_diff1": 1.0,
        "nauc_mrr_at_1_max": 0.720702,
        "nauc_mrr_at_1_std": -0.497587,
        "nauc_mrr_at_1_diff1": 0.932735,
        "nauc_mrr_at_3_max": 0.765038,
        "nauc_mrr_at_3_std": -0.43215,
        "nauc_mrr_at_3_diff1": 0.932336,
        "nauc_mrr_at_5_max": 0.758629,
        "nauc_mrr_at_5_std": -0.429844,
        "nauc_mrr_at_5_diff1": 0.933074,
        "nauc_mrr_at_10_max": 0.755056,
        "nauc_mrr_at_10_std": -0.442826,
        "nauc_mrr_at_10_diff1": 0.93262,
        "nauc_mrr_at_20_max": 0.754276,
        "nauc_mrr_at_20_std": -0.442298,
        "nauc_mrr_at_20_diff1": 0.932721,
        "nauc_mrr_at_100_max": 0.754095,
        "nauc_mrr_at_100_std": -0.443652,
        "nauc_mrr_at_100_diff1": 0.932633,
        "nauc_mrr_at_1000_max": 0.754095,
        "nauc_mrr_at_1000_std": -0.443652,
        "nauc_mrr_at_1000_diff1": 0.932633,
        "main_score": 0.98067,
        "hf_subset": "default",
        "languages": [
          "kor-Hang"
        ]
      }
    ]
  },
  "evaluation_time": 1521.8447802066803,
  "kg_co2_emissions": null
}