{
  "dataset_revision": "main",
  "task_name": "WebFAQRetrieval",
  "mteb_version": "1.38.1",
  "scores": {
    "test": [
      {
        "ndcg_at_1": 0.7668,
        "ndcg_at_3": 0.83397,
        "ndcg_at_5": 0.84907,
        "ndcg_at_10": 0.86024,
        "ndcg_at_20": 0.86635,
        "ndcg_at_100": 0.8713,
        "ndcg_at_1000": 0.8713,
        "map_at_1": 0.7668,
        "map_at_3": 0.81787,
        "map_at_5": 0.82626,
        "map_at_10": 0.83091,
        "map_at_20": 0.83262,
        "map_at_100": 0.83342,
        "map_at_1000": 0.83342,
        "recall_at_1": 0.7668,
        "recall_at_3": 0.8804,
        "recall_at_5": 0.917,
        "recall_at_10": 0.9513,
        "recall_at_20": 0.9753,
        "recall_at_100": 1.0,
        "recall_at_1000": 1.0,
        "precision_at_1": 0.7668,
        "precision_at_3": 0.29347,
        "precision_at_5": 0.1834,
        "precision_at_10": 0.09513,
        "precision_at_20": 0.04877,
        "precision_at_100": 0.01,
        "precision_at_1000": 0.001,
        "mrr_at_1": 0.7709,
        "mrr_at_3": 0.821067,
        "mrr_at_5": 0.829317,
        "mrr_at_10": 0.833914,
        "mrr_at_20": 0.835612,
        "mrr_at_100": 0.836395,
        "mrr_at_1000": 0.836395,
        "nauc_ndcg_at_1_max": 0.583943,
        "nauc_ndcg_at_1_std": -0.229783,
        "nauc_ndcg_at_1_diff1": 0.811565,
        "nauc_ndcg_at_3_max": 0.603296,
        "nauc_ndcg_at_3_std": -0.220259,
        "nauc_ndcg_at_3_diff1": 0.778843,
        "nauc_ndcg_at_5_max": 0.601062,
        "nauc_ndcg_at_5_std": -0.222086,
        "nauc_ndcg_at_5_diff1": 0.77982,
        "nauc_ndcg_at_10_max": 0.599824,
        "nauc_ndcg_at_10_std": -0.227667,
        "nauc_ndcg_at_10_diff1": 0.785755,
        "nauc_ndcg_at_20_max": 0.598373,
        "nauc_ndcg_at_20_std": -0.230469,
        "nauc_ndcg_at_20_diff1": 0.789429,
        "nauc_ndcg_at_100_max": 0.597337,
        "nauc_ndcg_at_100_std": -0.226069,
        "nauc_ndcg_at_100_diff1": 0.789787,
        "nauc_ndcg_at_1000_max": 0.597337,
        "nauc_ndcg_at_1000_std": -0.226069,
        "nauc_ndcg_at_1000_diff1": 0.789787,
        "nauc_map_at_1_max": 0.583943,
        "nauc_map_at_1_std": -0.229783,
        "nauc_map_at_1_diff1": 0.811565,
        "nauc_map_at_3_max": 0.598547,
        "nauc_map_at_3_std": -0.22285,
        "nauc_map_at_3_diff1": 0.787708,
        "nauc_map_at_5_max": 0.597054,
        "nauc_map_at_5_std": -0.224035,
        "nauc_map_at_5_diff1": 0.788534,
        "nauc_map_at_10_max": 0.596468,
        "nauc_map_at_10_std": -0.226039,
        "nauc_map_at_10_diff1": 0.790899,
        "nauc_map_at_20_max": 0.59616,
        "nauc_map_at_20_std": -0.226599,
        "nauc_map_at_20_diff1": 0.791825,
        "nauc_map_at_100_max": 0.596025,
        "nauc_map_at_100_std": -0.225943,
        "nauc_map_at_100_diff1": 0.791865,
        "nauc_map_at_1000_max": 0.596025,
        "nauc_map_at_1000_std": -0.225943,
        "nauc_map_at_1000_diff1": 0.791865,
        "nauc_recall_at_1_max": 0.583943,
        "nauc_recall_at_1_std": -0.229783,
        "nauc_recall_at_1_diff1": 0.811565,
        "nauc_recall_at_3_max": 0.622438,
        "nauc_recall_at_3_std": -0.209632,
        "nauc_recall_at_3_diff1": 0.742496,
        "nauc_recall_at_5_max": 0.622444,
        "nauc_recall_at_5_std": -0.21147,
        "nauc_recall_at_5_diff1": 0.732262,
        "nauc_recall_at_10_max": 0.627914,
        "nauc_recall_at_10_std": -0.249663,
        "nauc_recall_at_10_diff1": 0.746796,
        "nauc_recall_at_20_max": 0.623992,
        "nauc_recall_at_20_std": -0.328886,
        "nauc_recall_at_20_diff1": 0.779288,
        "nauc_recall_at_100_max": NaN,
        "nauc_recall_at_100_std": NaN,
        "nauc_recall_at_100_diff1": NaN,
        "nauc_recall_at_1000_max": NaN,
        "nauc_recall_at_1000_std": NaN,
        "nauc_recall_at_1000_diff1": NaN,
        "nauc_precision_at_1_max": 0.583943,
        "nauc_precision_at_1_std": -0.229783,
        "nauc_precision_at_1_diff1": 0.811565,
        "nauc_precision_at_3_max": 0.622438,
        "nauc_precision_at_3_std": -0.209632,
        "nauc_precision_at_3_diff1": 0.742496,
        "nauc_precision_at_5_max": 0.622444,
        "nauc_precision_at_5_std": -0.21147,
        "nauc_precision_at_5_diff1": 0.732262,
        "nauc_precision_at_10_max": 0.627914,
        "nauc_precision_at_10_std": -0.249663,
        "nauc_precision_at_10_diff1": 0.746796,
        "nauc_precision_at_20_max": 0.623992,
        "nauc_precision_at_20_std": -0.328886,
        "nauc_precision_at_20_diff1": 0.779288,
        "nauc_precision_at_100_max": 1.0,
        "nauc_precision_at_100_std": 1.0,
        "nauc_precision_at_100_diff1": 1.0,
        "nauc_precision_at_1000_max": 1.0,
        "nauc_precision_at_1000_std": 1.0,
        "nauc_precision_at_1000_diff1": 1.0,
        "nauc_mrr_at_1_max": 0.586303,
        "nauc_mrr_at_1_std": -0.223416,
        "nauc_mrr_at_1_diff1": 0.803405,
        "nauc_mrr_at_3_max": 0.599749,
        "nauc_mrr_at_3_std": -0.217886,
        "nauc_mrr_at_3_diff1": 0.780929,
        "nauc_mrr_at_5_max": 0.598481,
        "nauc_mrr_at_5_std": -0.219274,
        "nauc_mrr_at_5_diff1": 0.781949,
        "nauc_mrr_at_10_max": 0.597885,
        "nauc_mrr_at_10_std": -0.221229,
        "nauc_mrr_at_10_diff1": 0.784251,
        "nauc_mrr_at_20_max": 0.597598,
        "nauc_mrr_at_20_std": -0.221761,
        "nauc_mrr_at_20_diff1": 0.785018,
        "nauc_mrr_at_100_max": 0.597508,
        "nauc_mrr_at_100_std": -0.220928,
        "nauc_mrr_at_100_diff1": 0.785038,
        "nauc_mrr_at_1000_max": 0.597508,
        "nauc_mrr_at_1000_std": -0.220928,
        "nauc_mrr_at_1000_diff1": 0.785038,
        "main_score": 0.86024,
        "hf_subset": "default",
        "languages": [
          "kor-Hang"
        ]
      }
    ]
  },
  "evaluation_time": 2101.6571805477142,
  "kg_co2_emissions": null
}