{
  "dataset_revision": "main",
  "task_name": "SQuADKorV1Retrieval",
  "mteb_version": "1.38.1",
  "scores": {
    "test": [
      {
        "ndcg_at_1": 0.96432,
        "ndcg_at_3": 0.98409,
        "ndcg_at_5": 0.98487,
        "ndcg_at_10": 0.98522,
        "ndcg_at_20": 0.98527,
        "ndcg_at_100": 0.98527,
        "ndcg_at_1000": 0.98527,
        "map_at_1": 0.96432,
        "map_at_3": 0.97962,
        "map_at_5": 0.98005,
        "map_at_10": 0.9802,
        "map_at_20": 0.98022,
        "map_at_100": 0.98022,
        "map_at_1000": 0.98022,
        "recall_at_1": 0.96432,
        "recall_at_3": 0.99688,
        "recall_at_5": 0.99879,
        "recall_at_10": 0.99983,
        "recall_at_20": 1.0,
        "recall_at_100": 1.0,
        "recall_at_1000": 1.0,
        "precision_at_1": 0.96432,
        "precision_at_3": 0.33229,
        "precision_at_5": 0.19976,
        "precision_at_10": 0.09998,
        "precision_at_20": 0.05,
        "precision_at_100": 0.01,
        "precision_at_1000": 0.001,
        "mrr_at_1": 0.977139,
        "mrr_at_3": 0.986405,
        "mrr_at_5": 0.986838,
        "mrr_at_10": 0.986995,
        "mrr_at_20": 0.98701,
        "mrr_at_100": 0.98701,
        "mrr_at_1000": 0.98701,
        "nauc_ndcg_at_1_max": 0.248381,
        "nauc_ndcg_at_1_std": -0.926674,
        "nauc_ndcg_at_1_diff1": 0.93152,
        "nauc_ndcg_at_3_max": 0.329998,
        "nauc_ndcg_at_3_std": -0.827684,
        "nauc_ndcg_at_3_diff1": 0.925671,
        "nauc_ndcg_at_5_max": 0.301446,
        "nauc_ndcg_at_5_std": -0.881497,
        "nauc_ndcg_at_5_diff1": 0.926442,
        "nauc_ndcg_at_10_max": 0.286879,
        "nauc_ndcg_at_10_std": -0.891853,
        "nauc_ndcg_at_10_diff1": 0.929038,
        "nauc_ndcg_at_20_max": 0.285496,
        "nauc_ndcg_at_20_std": -0.889157,
        "nauc_ndcg_at_20_diff1": 0.928813,
        "nauc_ndcg_at_100_max": 0.285496,
        "nauc_ndcg_at_100_std": -0.889157,
        "nauc_ndcg_at_100_diff1": 0.928813,
        "nauc_ndcg_at_1000_max": 0.285496,
        "nauc_ndcg_at_1000_std": -0.889157,
        "nauc_ndcg_at_1000_diff1": 0.928813,
        "nauc_map_at_1_max": 0.248381,
        "nauc_map_at_1_std": -0.926674,
        "nauc_map_at_1_diff1": 0.93152,
        "nauc_map_at_3_max": 0.2999,
        "nauc_map_at_3_std": -0.866415,
        "nauc_map_at_3_diff1": 0.927849,
        "nauc_map_at_5_max": 0.28749,
        "nauc_map_at_5_std": -0.889171,
        "nauc_map_at_5_diff1": 0.928246,
        "nauc_map_at_10_max": 0.282514,
        "nauc_map_at_10_std": -0.892834,
        "nauc_map_at_10_diff1": 0.929112,
        "nauc_map_at_20_max": 0.282193,
        "nauc_map_at_20_std": -0.892216,
        "nauc_map_at_20_diff1": 0.92906,
        "nauc_map_at_100_max": 0.282193,
        "nauc_map_at_100_std": -0.892216,
        "nauc_map_at_100_diff1": 0.92906,
        "nauc_map_at_1000_max": 0.282193,
        "nauc_map_at_1000_std": -0.892216,
        "nauc_map_at_1000_diff1": 0.92906,
        "nauc_recall_at_1_max": 0.248381,
        "nauc_recall_at_1_std": -0.926674,
        "nauc_recall_at_1_diff1": 0.93152,
        "nauc_recall_at_3_max": 0.886011,
        "nauc_recall_at_3_std": -0.105293,
        "nauc_recall_at_3_diff1": 0.885366,
        "nauc_recall_at_5_max": 0.877955,
        "nauc_recall_at_5_std": -0.649107,
        "nauc_recall_at_5_diff1": 0.843609,
        "nauc_recall_at_10_max": 0.722226,
        "nauc_recall_at_10_std": -1.740274,
        "nauc_recall_at_10_diff1": 1.0,
        "nauc_recall_at_20_max": NaN,
        "nauc_recall_at_20_std": NaN,
        "nauc_recall_at_20_diff1": NaN,
        "nauc_recall_at_100_max": NaN,
        "nauc_recall_at_100_std": NaN,
        "nauc_recall_at_100_diff1": NaN,
        "nauc_recall_at_1000_max": NaN,
        "nauc_recall_at_1000_std": NaN,
        "nauc_recall_at_1000_diff1": NaN,
        "nauc_precision_at_1_max": 0.248381,
        "nauc_precision_at_1_std": -0.926674,
        "nauc_precision_at_1_diff1": 0.93152,
        "nauc_precision_at_3_max": 0.886011,
        "nauc_precision_at_3_std": -0.105293,
        "nauc_precision_at_3_diff1": 0.885366,
        "nauc_precision_at_5_max": 0.877955,
        "nauc_precision_at_5_std": -0.649107,
        "nauc_precision_at_5_diff1": 0.843609,
        "nauc_precision_at_10_max": 0.722226,
        "nauc_precision_at_10_std": -1.740274,
        "nauc_precision_at_10_diff1": 1.0,
        "nauc_precision_at_20_max": 1.0,
        "nauc_precision_at_20_std": 1.0,
        "nauc_precision_at_20_diff1": 1.0,
        "nauc_precision_at_100_max": NaN,
        "nauc_precision_at_100_std": NaN,
        "nauc_precision_at_100_diff1": NaN,
        "nauc_precision_at_1000_max": 1.0,
        "nauc_precision_at_1000_std": 1.0,
        "nauc_precision_at_1000_diff1": 1.0,
        "nauc_mrr_at_1_max": 0.640807,
        "nauc_mrr_at_1_std": -0.627376,
        "nauc_mrr_at_1_diff1": 0.893129,
        "nauc_mrr_at_3_max": 0.675321,
        "nauc_mrr_at_3_std": -0.562256,
        "nauc_mrr_at_3_diff1": 0.89185,
        "nauc_mrr_at_5_max": 0.668397,
        "nauc_mrr_at_5_std": -0.587976,
        "nauc_mrr_at_5_diff1": 0.891307,
        "nauc_mrr_at_10_max": 0.665441,
        "nauc_mrr_at_10_std": -0.589899,
        "nauc_mrr_at_10_diff1": 0.892176,
        "nauc_mrr_at_20_max": 0.665378,
        "nauc_mrr_at_20_std": -0.588621,
        "nauc_mrr_at_20_diff1": 0.892057,
        "nauc_mrr_at_100_max": 0.665378,
        "nauc_mrr_at_100_std": -0.588621,
        "nauc_mrr_at_100_diff1": 0.892057,
        "nauc_mrr_at_1000_max": 0.665378,
        "nauc_mrr_at_1000_std": -0.588621,
        "nauc_mrr_at_1000_diff1": 0.892057,
        "main_score": 0.98522,
        "hf_subset": "default",
        "languages": [
          "kor-Hang"
        ]
      }
    ]
  },
  "evaluation_time": 2640.979852437973,
  "kg_co2_emissions": null
}