{
  "dataset_revision": "main",
  "task_name": "WebFAQRetrieval",
  "mteb_version": "1.38.1",
  "scores": {
    "test": [
      {
        "ndcg_at_1": 0.8001,
        "ndcg_at_3": 0.86459,
        "ndcg_at_5": 0.87723,
        "ndcg_at_10": 0.88619,
        "ndcg_at_20": 0.8909,
        "ndcg_at_100": 0.89396,
        "ndcg_at_1000": 0.89396,
        "map_at_1": 0.8001,
        "map_at_3": 0.84933,
        "map_at_5": 0.85636,
        "map_at_10": 0.86013,
        "map_at_20": 0.86144,
        "map_at_100": 0.86196,
        "map_at_1000": 0.86196,
        "recall_at_1": 0.8001,
        "recall_at_3": 0.9085,
        "recall_at_5": 0.9391,
        "recall_at_10": 0.9665,
        "recall_at_20": 0.985,
        "recall_at_100": 1.0,
        "recall_at_1000": 1.0,
        "precision_at_1": 0.8001,
        "precision_at_3": 0.30283,
        "precision_at_5": 0.18782,
        "precision_at_10": 0.09665,
        "precision_at_20": 0.04925,
        "precision_at_100": 0.01,
        "precision_at_1000": 0.001,
        "mrr_at_1": 0.8167,
        "mrr_at_3": 0.8597,
        "mrr_at_5": 0.866455,
        "mrr_at_10": 0.870003,
        "mrr_at_20": 0.871315,
        "mrr_at_100": 0.871819,
        "mrr_at_1000": 0.871819,
        "nauc_ndcg_at_1_max": 0.465867,
        "nauc_ndcg_at_1_std": -0.455731,
        "nauc_ndcg_at_1_diff1": 0.744086,
        "nauc_ndcg_at_3_max": 0.486437,
        "nauc_ndcg_at_3_std": -0.488127,
        "nauc_ndcg_at_3_diff1": 0.72544,
        "nauc_ndcg_at_5_max": 0.489237,
        "nauc_ndcg_at_5_std": -0.498717,
        "nauc_ndcg_at_5_diff1": 0.734039,
        "nauc_ndcg_at_10_max": 0.490051,
        "nauc_ndcg_at_10_std": -0.497727,
        "nauc_ndcg_at_10_diff1": 0.738056,
        "nauc_ndcg_at_20_max": 0.486463,
        "nauc_ndcg_at_20_std": -0.494946,
        "nauc_ndcg_at_20_diff1": 0.739017,
        "nauc_ndcg_at_100_max": 0.482696,
        "nauc_ndcg_at_100_std": -0.484734,
        "nauc_ndcg_at_100_diff1": 0.736171,
        "nauc_ndcg_at_1000_max": 0.482696,
        "nauc_ndcg_at_1000_std": -0.484734,
        "nauc_ndcg_at_1000_diff1": 0.736171,
        "nauc_map_at_1_max": 0.465867,
        "nauc_map_at_1_std": -0.455731,
        "nauc_map_at_1_diff1": 0.744086,
        "nauc_map_at_3_max": 0.48057,
        "nauc_map_at_3_std": -0.478726,
        "nauc_map_at_3_diff1": 0.73058,
        "nauc_map_at_5_max": 0.481706,
        "nauc_map_at_5_std": -0.483207,
        "nauc_map_at_5_diff1": 0.734948,
        "nauc_map_at_10_max": 0.481833,
        "nauc_map_at_10_std": -0.482363,
        "nauc_map_at_10_diff1": 0.73634,
        "nauc_map_at_20_max": 0.480979,
        "nauc_map_at_20_std": -0.481489,
        "nauc_map_at_20_diff1": 0.736539,
        "nauc_map_at_100_max": 0.480389,
        "nauc_map_at_100_std": -0.480099,
        "nauc_map_at_100_diff1": 0.736166,
        "nauc_map_at_1000_max": 0.480389,
        "nauc_map_at_1000_std": -0.480099,
        "nauc_map_at_1000_diff1": 0.736166,
        "nauc_recall_at_1_max": 0.465867,
        "nauc_recall_at_1_std": -0.455731,
        "nauc_recall_at_1_diff1": 0.744086,
        "nauc_recall_at_3_max": 0.512639,
        "nauc_recall_at_3_std": -0.530236,
        "nauc_recall_at_3_diff1": 0.702611,
        "nauc_recall_at_5_max": 0.537997,
        "nauc_recall_at_5_std": -0.601896,
        "nauc_recall_at_5_diff1": 0.731467,
        "nauc_recall_at_10_max": 0.58473,
        "nauc_recall_at_10_std": -0.677711,
        "nauc_recall_at_10_diff1": 0.769429,
        "nauc_recall_at_20_max": 0.602944,
        "nauc_recall_at_20_std": -0.830847,
        "nauc_recall_at_20_diff1": 0.83385,
        "nauc_recall_at_100_max": NaN,
        "nauc_recall_at_100_std": NaN,
        "nauc_recall_at_100_diff1": NaN,
        "nauc_recall_at_1000_max": NaN,
        "nauc_recall_at_1000_std": NaN,
        "nauc_recall_at_1000_diff1": NaN,
        "nauc_precision_at_1_max": 0.465867,
        "nauc_precision_at_1_std": -0.455731,
        "nauc_precision_at_1_diff1": 0.744086,
        "nauc_precision_at_3_max": 0.512639,
        "nauc_precision_at_3_std": -0.530236,
        "nauc_precision_at_3_diff1": 0.702611,
        "nauc_precision_at_5_max": 0.537997,
        "nauc_precision_at_5_std": -0.601896,
        "nauc_precision_at_5_diff1": 0.731467,
        "nauc_precision_at_10_max": 0.58473,
        "nauc_precision_at_10_std": -0.677711,
        "nauc_precision_at_10_diff1": 0.769429,
        "nauc_precision_at_20_max": 0.602944,
        "nauc_precision_at_20_std": -0.830847,
        "nauc_precision_at_20_diff1": 0.83385,
        "nauc_precision_at_100_max": 1.0,
        "nauc_precision_at_100_std": 1.0,
        "nauc_precision_at_100_diff1": 1.0,
        "nauc_precision_at_1000_max": 1.0,
        "nauc_precision_at_1000_std": 1.0,
        "nauc_precision_at_1000_diff1": 1.0,
        "nauc_mrr_at_1_max": 0.559517,
        "nauc_mrr_at_1_std": -0.371335,
        "nauc_mrr_at_1_diff1": 0.710081,
        "nauc_mrr_at_3_max": 0.553462,
        "nauc_mrr_at_3_std": -0.413228,
        "nauc_mrr_at_3_diff1": 0.704015,
        "nauc_mrr_at_5_max": 0.555144,
        "nauc_mrr_at_5_std": -0.418098,
        "nauc_mrr_at_5_diff1": 0.707841,
        "nauc_mrr_at_10_max": 0.556501,
        "nauc_mrr_at_10_std": -0.416201,
        "nauc_mrr_at_10_diff1": 0.7088,
        "nauc_mrr_at_20_max": 0.556339,
        "nauc_mrr_at_20_std": -0.414687,
        "nauc_mrr_at_20_diff1": 0.708735,
        "nauc_mrr_at_100_max": 0.556051,
        "nauc_mrr_at_100_std": -0.412777,
        "nauc_mrr_at_100_diff1": 0.70826,
        "nauc_mrr_at_1000_max": 0.556051,
        "nauc_mrr_at_1000_std": -0.412777,
        "nauc_mrr_at_1000_diff1": 0.70826,
        "main_score": 0.88619,
        "hf_subset": "default",
        "languages": [
          "kor-Hang"
        ]
      }
    ]
  },
  "evaluation_time": 3206.3796441555023,
  "kg_co2_emissions": null
}