{
  "dataset_revision": "main",
  "task_name": "SQuADKorV1Retrieval",
  "mteb_version": "1.38.1",
  "scores": {
    "test": [
      {
        "ndcg_at_1": 0.9522,
        "ndcg_at_3": 0.97817,
        "ndcg_at_5": 0.97939,
        "ndcg_at_10": 0.9799,
        "ndcg_at_20": 0.98004,
        "ndcg_at_100": 0.98007,
        "ndcg_at_1000": 0.98007,
        "map_at_1": 0.9522,
        "map_at_3": 0.97235,
        "map_at_5": 0.97302,
        "map_at_10": 0.97324,
        "map_at_20": 0.97328,
        "map_at_100": 0.97329,
        "map_at_1000": 0.97329,
        "recall_at_1": 0.9522,
        "recall_at_3": 0.9948,
        "recall_at_5": 0.99775,
        "recall_at_10": 0.99931,
        "recall_at_20": 0.99983,
        "recall_at_100": 1.0,
        "recall_at_1000": 1.0,
        "precision_at_1": 0.9522,
        "precision_at_3": 0.3316,
        "precision_at_5": 0.19955,
        "precision_at_10": 0.09993,
        "precision_at_20": 0.04999,
        "precision_at_100": 0.01,
        "precision_at_1000": 0.001,
        "mrr_at_1": 0.958261,
        "mrr_at_3": 0.975522,
        "mrr_at_5": 0.976198,
        "mrr_at_10": 0.976418,
        "mrr_at_20": 0.976454,
        "mrr_at_100": 0.976461,
        "mrr_at_1000": 0.976461,
        "nauc_ndcg_at_1_max": 0.332688,
        "nauc_ndcg_at_1_std": -0.566497,
        "nauc_ndcg_at_1_diff1": 0.958604,
        "nauc_ndcg_at_3_max": 0.407594,
        "nauc_ndcg_at_3_std": -0.528792,
        "nauc_ndcg_at_3_diff1": 0.956543,
        "nauc_ndcg_at_5_max": 0.387418,
        "nauc_ndcg_at_5_std": -0.540008,
        "nauc_ndcg_at_5_diff1": 0.958952,
        "nauc_ndcg_at_10_max": 0.375087,
        "nauc_ndcg_at_10_std": -0.555289,
        "nauc_ndcg_at_10_diff1": 0.958625,
        "nauc_ndcg_at_20_max": 0.373696,
        "nauc_ndcg_at_20_std": -0.550219,
        "nauc_ndcg_at_20_diff1": 0.958352,
        "nauc_ndcg_at_100_max": 0.372551,
        "nauc_ndcg_at_100_std": -0.551879,
        "nauc_ndcg_at_100_diff1": 0.958276,
        "nauc_ndcg_at_1000_max": 0.372551,
        "nauc_ndcg_at_1000_std": -0.551879,
        "nauc_ndcg_at_1000_diff1": 0.958276,
        "nauc_map_at_1_max": 0.332688,
        "nauc_map_at_1_std": -0.566497,
        "nauc_map_at_1_diff1": 0.958604,
        "nauc_map_at_3_max": 0.38273,
        "nauc_map_at_3_std": -0.542793,
        "nauc_map_at_3_diff1": 0.95733,
        "nauc_map_at_5_max": 0.373626,
        "nauc_map_at_5_std": -0.548313,
        "nauc_map_at_5_diff1": 0.958425,
        "nauc_map_at_10_max": 0.369403,
        "nauc_map_at_10_std": -0.553662,
        "nauc_map_at_10_diff1": 0.958309,
        "nauc_map_at_20_max": 0.369129,
        "nauc_map_at_20_std": -0.55268,
        "nauc_map_at_20_diff1": 0.958252,
        "nauc_map_at_100_max": 0.368971,
        "nauc_map_at_100_std": -0.552907,
        "nauc_map_at_100_diff1": 0.958241,
        "nauc_map_at_1000_max": 0.368971,
        "nauc_map_at_1000_std": -0.552907,
        "nauc_map_at_1000_diff1": 0.958241,
        "nauc_recall_at_1_max": 0.332688,
        "nauc_recall_at_1_std": -0.566497,
        "nauc_recall_at_1_diff1": 0.958604,
        "nauc_recall_at_3_max": 0.775495,
        "nauc_recall_at_3_std": -0.317522,
        "nauc_recall_at_3_diff1": 0.944617,
        "nauc_recall_at_5_max": 0.804497,
        "nauc_recall_at_5_std": -0.270007,
        "nauc_recall_at_5_diff1": 0.979891,
        "nauc_recall_at_10_max": 0.695381,
        "nauc_recall_at_10_std": -0.921495,
        "nauc_recall_at_10_diff1": 1.0,
        "nauc_recall_at_20_max": 1.0,
        "nauc_recall_at_20_std": 0.358066,
        "nauc_recall_at_20_diff1": 1.0,
        "nauc_recall_at_100_max": NaN,
        "nauc_recall_at_100_std": NaN,
        "nauc_recall_at_100_diff1": NaN,
        "nauc_recall_at_1000_max": NaN,
        "nauc_recall_at_1000_std": NaN,
        "nauc_recall_at_1000_diff1": NaN,
        "nauc_precision_at_1_max": 0.332688,
        "nauc_precision_at_1_std": -0.566497,
        "nauc_precision_at_1_diff1": 0.958604,
        "nauc_precision_at_3_max": 0.775495,
        "nauc_precision_at_3_std": -0.317522,
        "nauc_precision_at_3_diff1": 0.944617,
        "nauc_precision_at_5_max": 0.804497,
        "nauc_precision_at_5_std": -0.270007,
        "nauc_precision_at_5_diff1": 0.979891,
        "nauc_precision_at_10_max": 0.695381,
        "nauc_precision_at_10_std": -0.921495,
        "nauc_precision_at_10_diff1": 1.0,
        "nauc_precision_at_20_max": 1.0,
        "nauc_precision_at_20_std": 0.358066,
        "nauc_precision_at_20_diff1": 1.0,
        "nauc_precision_at_100_max": NaN,
        "nauc_precision_at_100_std": NaN,
        "nauc_precision_at_100_diff1": NaN,
        "nauc_precision_at_1000_max": 1.0,
        "nauc_precision_at_1000_std": 1.0,
        "nauc_precision_at_1000_diff1": 1.0,
        "nauc_mrr_at_1_max": 0.509687,
        "nauc_mrr_at_1_std": -0.448284,
        "nauc_mrr_at_1_diff1": 0.952592,
        "nauc_mrr_at_3_max": 0.540677,
        "nauc_mrr_at_3_std": -0.437093,
        "nauc_mrr_at_3_diff1": 0.951795,
        "nauc_mrr_at_5_max": 0.534841,
        "nauc_mrr_at_5_std": -0.440349,
        "nauc_mrr_at_5_diff1": 0.952879,
        "nauc_mrr_at_10_max": 0.531554,
        "nauc_mrr_at_10_std": -0.44541,
        "nauc_mrr_at_10_diff1": 0.952695,
        "nauc_mrr_at_20_max": 0.531493,
        "nauc_mrr_at_20_std": -0.444128,
        "nauc_mrr_at_20_diff1": 0.952622,
        "nauc_mrr_at_100_max": 0.531361,
        "nauc_mrr_at_100_std": -0.444355,
        "nauc_mrr_at_100_diff1": 0.952609,
        "nauc_mrr_at_1000_max": 0.531361,
        "nauc_mrr_at_1000_std": -0.444355,
        "nauc_mrr_at_1000_diff1": 0.952609,
        "main_score": 0.9799,
        "hf_subset": "default",
        "languages": [
          "kor-Hang"
        ]
      }
    ]
  },
  "evaluation_time": 1550.0708694458008,
  "kg_co2_emissions": null
}