{
  "dataset_revision": "main",
  "task_name": "WebFAQRetrieval",
  "mteb_version": "1.38.1",
  "scores": {
    "test": [
      {
        "ndcg_at_1": 0.6689,
        "ndcg_at_3": 0.75426,
        "ndcg_at_5": 0.7747,
        "ndcg_at_10": 0.79248,
        "ndcg_at_20": 0.80293,
        "ndcg_at_100": 0.81124,
        "ndcg_at_1000": 0.81124,
        "map_at_1": 0.6689,
        "map_at_3": 0.73367,
        "map_at_5": 0.74504,
        "map_at_10": 0.75246,
        "map_at_20": 0.75535,
        "map_at_100": 0.75675,
        "map_at_1000": 0.75675,
        "recall_at_1": 0.6689,
        "recall_at_3": 0.8137,
        "recall_at_5": 0.8632,
        "recall_at_10": 0.9177,
        "recall_at_20": 0.9589,
        "recall_at_100": 1.0,
        "recall_at_1000": 1.0,
        "precision_at_1": 0.6689,
        "precision_at_3": 0.27123,
        "precision_at_5": 0.17264,
        "precision_at_10": 0.09177,
        "precision_at_20": 0.04795,
        "precision_at_100": 0.01,
        "precision_at_1000": 0.001,
        "mrr_at_1": 0.6766,
        "mrr_at_3": 0.739667,
        "mrr_at_5": 0.750762,
        "mrr_at_10": 0.75813,
        "mrr_at_20": 0.760911,
        "mrr_at_100": 0.762274,
        "mrr_at_1000": 0.762274,
        "nauc_ndcg_at_1_max": 0.480063,
        "nauc_ndcg_at_1_std": 0.10173,
        "nauc_ndcg_at_1_diff1": 0.769426,
        "nauc_ndcg_at_3_max": 0.474135,
        "nauc_ndcg_at_3_std": 0.12761,
        "nauc_ndcg_at_3_diff1": 0.736674,
        "nauc_ndcg_at_5_max": 0.479937,
        "nauc_ndcg_at_5_std": 0.135653,
        "nauc_ndcg_at_5_diff1": 0.737495,
        "nauc_ndcg_at_10_max": 0.479829,
        "nauc_ndcg_at_10_std": 0.132054,
        "nauc_ndcg_at_10_diff1": 0.743012,
        "nauc_ndcg_at_20_max": 0.479744,
        "nauc_ndcg_at_20_std": 0.126962,
        "nauc_ndcg_at_20_diff1": 0.74753,
        "nauc_ndcg_at_100_max": 0.479006,
        "nauc_ndcg_at_100_std": 0.124631,
        "nauc_ndcg_at_100_diff1": 0.747461,
        "nauc_ndcg_at_1000_max": 0.479006,
        "nauc_ndcg_at_1000_std": 0.124631,
        "nauc_ndcg_at_1000_diff1": 0.747461,
        "nauc_map_at_1_max": 0.480063,
        "nauc_map_at_1_std": 0.10173,
        "nauc_map_at_1_diff1": 0.769426,
        "nauc_map_at_3_max": 0.476621,
        "nauc_map_at_3_std": 0.120526,
        "nauc_map_at_3_diff1": 0.745784,
        "nauc_map_at_5_max": 0.479612,
        "nauc_map_at_5_std": 0.124294,
        "nauc_map_at_5_diff1": 0.746635,
        "nauc_map_at_10_max": 0.479326,
        "nauc_map_at_10_std": 0.122796,
        "nauc_map_at_10_diff1": 0.748591,
        "nauc_map_at_20_max": 0.479339,
        "nauc_map_at_20_std": 0.12162,
        "nauc_map_at_20_diff1": 0.749703,
        "nauc_map_at_100_max": 0.479165,
        "nauc_map_at_100_std": 0.121376,
        "nauc_map_at_100_diff1": 0.749697,
        "nauc_map_at_1000_max": 0.479165,
        "nauc_map_at_1000_std": 0.121376,
        "nauc_map_at_1000_diff1": 0.749697,
        "nauc_recall_at_1_max": 0.480063,
        "nauc_recall_at_1_std": 0.10173,
        "nauc_recall_at_1_diff1": 0.769426,
        "nauc_recall_at_3_max": 0.464217,
        "nauc_recall_at_3_std": 0.154459,
        "nauc_recall_at_3_diff1": 0.702069,
        "nauc_recall_at_5_max": 0.482347,
        "nauc_recall_at_5_std": 0.19219,
        "nauc_recall_at_5_diff1": 0.693551,
        "nauc_recall_at_10_max": 0.486284,
        "nauc_recall_at_10_std": 0.199914,
        "nauc_recall_at_10_diff1": 0.708697,
        "nauc_recall_at_20_max": 0.48977,
        "nauc_recall_at_20_std": 0.179821,
        "nauc_recall_at_20_diff1": 0.748199,
        "nauc_recall_at_100_max": NaN,
        "nauc_recall_at_100_std": NaN,
        "nauc_recall_at_100_diff1": NaN,
        "nauc_recall_at_1000_max": NaN,
        "nauc_recall_at_1000_std": NaN,
        "nauc_recall_at_1000_diff1": NaN,
        "nauc_precision_at_1_max": 0.480063,
        "nauc_precision_at_1_std": 0.10173,
        "nauc_precision_at_1_diff1": 0.769426,
        "nauc_precision_at_3_max": 0.464217,
        "nauc_precision_at_3_std": 0.154459,
        "nauc_precision_at_3_diff1": 0.702069,
        "nauc_precision_at_5_max": 0.482347,
        "nauc_precision_at_5_std": 0.19219,
        "nauc_precision_at_5_diff1": 0.693551,
        "nauc_precision_at_10_max": 0.486284,
        "nauc_precision_at_10_std": 0.199914,
        "nauc_precision_at_10_diff1": 0.708697,
        "nauc_precision_at_20_max": 0.48977,
        "nauc_precision_at_20_std": 0.179821,
        "nauc_precision_at_20_diff1": 0.748199,
        "nauc_precision_at_100_max": 1.0,
        "nauc_precision_at_100_std": 1.0,
        "nauc_precision_at_100_diff1": 1.0,
        "nauc_precision_at_1000_max": 1.0,
        "nauc_precision_at_1000_std": 1.0,
        "nauc_precision_at_1000_diff1": 1.0,
        "nauc_mrr_at_1_max": 0.479233,
        "nauc_mrr_at_1_std": 0.106389,
        "nauc_mrr_at_1_diff1": 0.753195,
        "nauc_mrr_at_3_max": 0.475215,
        "nauc_mrr_at_3_std": 0.122953,
        "nauc_mrr_at_3_diff1": 0.735234,
        "nauc_mrr_at_5_max": 0.477821,
        "nauc_mrr_at_5_std": 0.126628,
        "nauc_mrr_at_5_diff1": 0.735298,
        "nauc_mrr_at_10_max": 0.477706,
        "nauc_mrr_at_10_std": 0.125357,
        "nauc_mrr_at_10_diff1": 0.737218,
        "nauc_mrr_at_20_max": 0.477805,
        "nauc_mrr_at_20_std": 0.124192,
        "nauc_mrr_at_20_diff1": 0.738185,
        "nauc_mrr_at_100_max": 0.477666,
        "nauc_mrr_at_100_std": 0.123989,
        "nauc_mrr_at_100_diff1": 0.738126,
        "nauc_mrr_at_1000_max": 0.477666,
        "nauc_mrr_at_1000_std": 0.123989,
        "nauc_mrr_at_1000_diff1": 0.738126,
        "main_score": 0.79248,
        "hf_subset": "default",
        "languages": [
          "kor-Hang"
        ]
      }
    ]
  },
  "evaluation_time": 2104.850389957428,
  "kg_co2_emissions": null
}