{
  "dataset_revision": "d67138e705d963e346253a80e59676ddb418810a",
  "task_name": "MultiLongDocRetrieval",
  "mteb_version": "1.38.1",
  "scores": {
    "test": [
      {
        "ndcg_at_1": 0.53,
        "ndcg_at_3": 0.60363,
        "ndcg_at_5": 0.62429,
        "ndcg_at_10": 0.65848,
        "ndcg_at_20": 0.68014,
        "ndcg_at_100": 0.70105,
        "ndcg_at_1000": 0.70105,
        "map_at_1": 0.53,
        "map_at_3": 0.58583,
        "map_at_5": 0.59733,
        "map_at_10": 0.61158,
        "map_at_20": 0.61762,
        "map_at_100": 0.62098,
        "map_at_1000": 0.62098,
        "recall_at_1": 0.53,
        "recall_at_3": 0.655,
        "recall_at_5": 0.705,
        "recall_at_10": 0.81,
        "recall_at_20": 0.895,
        "recall_at_100": 1.0,
        "recall_at_1000": 1.0,
        "precision_at_1": 0.53,
        "precision_at_3": 0.21833,
        "precision_at_5": 0.141,
        "precision_at_10": 0.081,
        "precision_at_20": 0.04475,
        "precision_at_100": 0.01,
        "precision_at_1000": 0.001,
        "mrr_at_1": 0.53,
        "mrr_at_3": 0.585833,
        "mrr_at_5": 0.597333,
        "mrr_at_10": 0.611788,
        "mrr_at_20": 0.617939,
        "mrr_at_100": 0.621339,
        "mrr_at_1000": 0.621339,
        "nauc_ndcg_at_1_max": 0.582029,
        "nauc_ndcg_at_1_std": 0.329324,
        "nauc_ndcg_at_1_diff1": 0.735433,
        "nauc_ndcg_at_3_max": 0.636558,
        "nauc_ndcg_at_3_std": 0.414162,
        "nauc_ndcg_at_3_diff1": 0.692483,
        "nauc_ndcg_at_5_max": 0.627081,
        "nauc_ndcg_at_5_std": 0.413553,
        "nauc_ndcg_at_5_diff1": 0.675689,
        "nauc_ndcg_at_10_max": 0.626656,
        "nauc_ndcg_at_10_std": 0.41696,
        "nauc_ndcg_at_10_diff1": 0.677608,
        "nauc_ndcg_at_20_max": 0.623447,
        "nauc_ndcg_at_20_std": 0.420256,
        "nauc_ndcg_at_20_diff1": 0.681632,
        "nauc_ndcg_at_100_max": 0.617664,
        "nauc_ndcg_at_100_std": 0.402202,
        "nauc_ndcg_at_100_diff1": 0.691101,
        "nauc_ndcg_at_1000_max": 0.617664,
        "nauc_ndcg_at_1000_std": 0.402202,
        "nauc_ndcg_at_1000_diff1": 0.691101,
        "nauc_map_at_1_max": 0.582029,
        "nauc_map_at_1_std": 0.329324,
        "nauc_map_at_1_diff1": 0.735433,
        "nauc_map_at_3_max": 0.621724,
        "nauc_map_at_3_std": 0.395724,
        "nauc_map_at_3_diff1": 0.702733,
        "nauc_map_at_5_max": 0.616299,
        "nauc_map_at_5_std": 0.395539,
        "nauc_map_at_5_diff1": 0.694101,
        "nauc_map_at_10_max": 0.615699,
        "nauc_map_at_10_std": 0.396499,
        "nauc_map_at_10_diff1": 0.69459,
        "nauc_map_at_20_max": 0.614787,
        "nauc_map_at_20_std": 0.396377,
        "nauc_map_at_20_diff1": 0.695769,
        "nauc_map_at_100_max": 0.613808,
        "nauc_map_at_100_std": 0.393892,
        "nauc_map_at_100_diff1": 0.697227,
        "nauc_map_at_1000_max": 0.613808,
        "nauc_map_at_1000_std": 0.393892,
        "nauc_map_at_1000_diff1": 0.697227,
        "nauc_recall_at_1_max": 0.582029,
        "nauc_recall_at_1_std": 0.329324,
        "nauc_recall_at_1_diff1": 0.735433,
        "nauc_recall_at_3_max": 0.68442,
        "nauc_recall_at_3_std": 0.471624,
        "nauc_recall_at_3_diff1": 0.660041,
        "nauc_recall_at_5_max": 0.663533,
        "nauc_recall_at_5_std": 0.473678,
        "nauc_recall_at_5_diff1": 0.608881,
        "nauc_recall_at_10_max": 0.678048,
        "nauc_recall_at_10_std": 0.513267,
        "nauc_recall_at_10_diff1": 0.596613,
        "nauc_recall_at_20_max": 0.683526,
        "nauc_recall_at_20_std": 0.624491,
        "nauc_recall_at_20_diff1": 0.579012,
        "nauc_recall_at_100_max": NaN,
        "nauc_recall_at_100_std": NaN,
        "nauc_recall_at_100_diff1": NaN,
        "nauc_recall_at_1000_max": NaN,
        "nauc_recall_at_1000_std": NaN,
        "nauc_recall_at_1000_diff1": NaN,
        "nauc_precision_at_1_max": 0.582029,
        "nauc_precision_at_1_std": 0.329324,
        "nauc_precision_at_1_diff1": 0.735433,
        "nauc_precision_at_3_max": 0.68442,
        "nauc_precision_at_3_std": 0.471624,
        "nauc_precision_at_3_diff1": 0.660041,
        "nauc_precision_at_5_max": 0.663533,
        "nauc_precision_at_5_std": 0.473678,
        "nauc_precision_at_5_diff1": 0.608881,
        "nauc_precision_at_10_max": 0.678048,
        "nauc_precision_at_10_std": 0.513267,
        "nauc_precision_at_10_diff1": 0.596613,
        "nauc_precision_at_20_max": 0.683526,
        "nauc_precision_at_20_std": 0.624491,
        "nauc_precision_at_20_diff1": 0.579012,
        "nauc_precision_at_100_max": 1.0,
        "nauc_precision_at_100_std": 1.0,
        "nauc_precision_at_100_diff1": 1.0,
        "nauc_precision_at_1000_max": 1.0,
        "nauc_precision_at_1000_std": 1.0,
        "nauc_precision_at_1000_diff1": 1.0,
        "nauc_mrr_at_1_max": 0.582029,
        "nauc_mrr_at_1_std": 0.329324,
        "nauc_mrr_at_1_diff1": 0.735433,
        "nauc_mrr_at_3_max": 0.621724,
        "nauc_mrr_at_3_std": 0.395724,
        "nauc_mrr_at_3_diff1": 0.702733,
        "nauc_mrr_at_5_max": 0.616299,
        "nauc_mrr_at_5_std": 0.395539,
        "nauc_mrr_at_5_diff1": 0.694101,
        "nauc_mrr_at_10_max": 0.615573,
        "nauc_mrr_at_10_std": 0.396351,
        "nauc_mrr_at_10_diff1": 0.694675,
        "nauc_mrr_at_20_max": 0.614551,
        "nauc_mrr_at_20_std": 0.396091,
        "nauc_mrr_at_20_diff1": 0.695957,
        "nauc_mrr_at_100_max": 0.613536,
        "nauc_mrr_at_100_std": 0.393581,
        "nauc_mrr_at_100_diff1": 0.697443,
        "nauc_mrr_at_1000_max": 0.613536,
        "nauc_mrr_at_1000_std": 0.393581,
        "nauc_mrr_at_1000_diff1": 0.697443,
        "main_score": 0.65848,
        "hf_subset": "ko",
        "languages": [
          "kor-Hang"
        ]
      }
    ]
  },
  "evaluation_time": 9019.431846141815,
  "kg_co2_emissions": null
}