{
  "dataset_revision": "main",
  "task_name": "SQuADKorV1Retrieval",
  "mteb_version": "1.38.1",
  "scores": {
    "test": [
      {
        "ndcg_at_1": 0.92761,
        "ndcg_at_3": 0.96443,
        "ndcg_at_5": 0.96695,
        "ndcg_at_10": 0.96807,
        "ndcg_at_20": 0.9686,
        "ndcg_at_100": 0.96868,
        "ndcg_at_1000": 0.96868,
        "map_at_1": 0.92761,
        "map_at_3": 0.95615,
        "map_at_5": 0.95757,
        "map_at_10": 0.95803,
        "map_at_20": 0.95818,
        "map_at_100": 0.95819,
        "map_at_1000": 0.95819,
        "recall_at_1": 0.92761,
        "recall_at_3": 0.98805,
        "recall_at_5": 0.99411,
        "recall_at_10": 0.99758,
        "recall_at_20": 0.99965,
        "recall_at_100": 1.0,
        "recall_at_1000": 1.0,
        "precision_at_1": 0.92761,
        "precision_at_3": 0.32935,
        "precision_at_5": 0.19882,
        "precision_at_10": 0.09976,
        "precision_at_20": 0.04998,
        "precision_at_100": 0.01,
        "precision_at_1000": 0.001,
        "mrr_at_1": 0.930204,
        "mrr_at_3": 0.957684,
        "mrr_at_5": 0.959009,
        "mrr_at_10": 0.959449,
        "mrr_at_20": 0.959604,
        "mrr_at_100": 0.959616,
        "mrr_at_1000": 0.959616,
        "nauc_ndcg_at_1_max": 0.42429,
        "nauc_ndcg_at_1_std": -0.218876,
        "nauc_ndcg_at_1_diff1": 0.924627,
        "nauc_ndcg_at_3_max": 0.498739,
        "nauc_ndcg_at_3_std": -0.168361,
        "nauc_ndcg_at_3_diff1": 0.926697,
        "nauc_ndcg_at_5_max": 0.483285,
        "nauc_ndcg_at_5_std": -0.174457,
        "nauc_ndcg_at_5_diff1": 0.928254,
        "nauc_ndcg_at_10_max": 0.472352,
        "nauc_ndcg_at_10_std": -0.188427,
        "nauc_ndcg_at_10_diff1": 0.927352,
        "nauc_ndcg_at_20_max": 0.467386,
        "nauc_ndcg_at_20_std": -0.192864,
        "nauc_ndcg_at_20_diff1": 0.926888,
        "nauc_ndcg_at_100_max": 0.46695,
        "nauc_ndcg_at_100_std": -0.193479,
        "nauc_ndcg_at_100_diff1": 0.92672,
        "nauc_ndcg_at_1000_max": 0.46695,
        "nauc_ndcg_at_1000_std": -0.193479,
        "nauc_ndcg_at_1000_diff1": 0.92672,
        "nauc_map_at_1_max": 0.42429,
        "nauc_map_at_1_std": -0.218876,
        "nauc_map_at_1_diff1": 0.924627,
        "nauc_map_at_3_max": 0.474907,
        "nauc_map_at_3_std": -0.18803,
        "nauc_map_at_3_diff1": 0.926202,
        "nauc_map_at_5_max": 0.467632,
        "nauc_map_at_5_std": -0.190741,
        "nauc_map_at_5_diff1": 0.926885,
        "nauc_map_at_10_max": 0.464018,
        "nauc_map_at_10_std": -0.195528,
        "nauc_map_at_10_diff1": 0.926579,
        "nauc_map_at_20_max": 0.46292,
        "nauc_map_at_20_std": -0.196529,
        "nauc_map_at_20_diff1": 0.92648,
        "nauc_map_at_100_max": 0.462876,
        "nauc_map_at_100_std": -0.1966,
        "nauc_map_at_100_diff1": 0.926458,
        "nauc_map_at_1000_max": 0.462876,
        "nauc_map_at_1000_std": -0.1966,
        "nauc_map_at_1000_diff1": 0.926458,
        "nauc_recall_at_1_max": 0.42429,
        "nauc_recall_at_1_std": -0.218876,
        "nauc_recall_at_1_diff1": 0.924627,
        "nauc_recall_at_3_max": 0.742274,
        "nauc_recall_at_3_std": 0.03923,
        "nauc_recall_at_3_diff1": 0.931429,
        "nauc_recall_at_5_max": 0.776447,
        "nauc_recall_at_5_std": 0.152568,
        "nauc_recall_at_5_diff1": 0.95675,
        "nauc_recall_at_10_max": 0.750302,
        "nauc_recall_at_10_std": 0.071099,
        "nauc_recall_at_10_diff1": 0.961486,
        "nauc_recall_at_20_max": 0.679033,
        "nauc_recall_at_20_std": 0.093386,
        "nauc_recall_at_20_diff1": 1.0,
        "nauc_recall_at_100_max": NaN,
        "nauc_recall_at_100_std": NaN,
        "nauc_recall_at_100_diff1": NaN,
        "nauc_recall_at_1000_max": NaN,
        "nauc_recall_at_1000_std": NaN,
        "nauc_recall_at_1000_diff1": NaN,
        "nauc_precision_at_1_max": 0.42429,
        "nauc_precision_at_1_std": -0.218876,
        "nauc_precision_at_1_diff1": 0.924627,
        "nauc_precision_at_3_max": 0.742274,
        "nauc_precision_at_3_std": 0.03923,
        "nauc_precision_at_3_diff1": 0.931429,
        "nauc_precision_at_5_max": 0.776447,
        "nauc_precision_at_5_std": 0.152568,
        "nauc_precision_at_5_diff1": 0.95675,
        "nauc_precision_at_10_max": 0.750302,
        "nauc_precision_at_10_std": 0.071099,
        "nauc_precision_at_10_diff1": 0.961486,
        "nauc_precision_at_20_max": 0.679033,
        "nauc_precision_at_20_std": 0.093386,
        "nauc_precision_at_20_diff1": 1.0,
        "nauc_precision_at_100_max": NaN,
        "nauc_precision_at_100_std": NaN,
        "nauc_precision_at_100_diff1": NaN,
        "nauc_precision_at_1000_max": 1.0,
        "nauc_precision_at_1000_std": 1.0,
        "nauc_precision_at_1000_diff1": 1.0,
        "nauc_mrr_at_1_max": 0.42823,
        "nauc_mrr_at_1_std": -0.212028,
        "nauc_mrr_at_1_diff1": 0.921822,
        "nauc_mrr_at_3_max": 0.48014,
        "nauc_mrr_at_3_std": -0.177974,
        "nauc_mrr_at_3_diff1": 0.923713,
        "nauc_mrr_at_5_max": 0.472035,
        "nauc_mrr_at_5_std": -0.183707,
        "nauc_mrr_at_5_diff1": 0.924357,
        "nauc_mrr_at_10_max": 0.468623,
        "nauc_mrr_at_10_std": -0.187772,
        "nauc_mrr_at_10_diff1": 0.924061,
        "nauc_mrr_at_20_max": 0.467504,
        "nauc_mrr_at_20_std": -0.188779,
        "nauc_mrr_at_20_diff1": 0.923949,
        "nauc_mrr_at_100_max": 0.46746,
        "nauc_mrr_at_100_std": -0.18885,
        "nauc_mrr_at_100_diff1": 0.923925,
        "nauc_mrr_at_1000_max": 0.46746,
        "nauc_mrr_at_1000_std": -0.18885,
        "nauc_mrr_at_1000_diff1": 0.923925,
        "main_score": 0.96807,
        "hf_subset": "default",
        "languages": [
          "kor-Hang"
        ]
      }
    ]
  },
  "evaluation_time": 14024.423033714294,
  "kg_co2_emissions": null
}