{
  "dataset_revision": "main",
  "task_name": "WebFAQRetrieval",
  "mteb_version": "1.38.1",
  "scores": {
    "test": [
      {
        "ndcg_at_1": 0.8262,
        "ndcg_at_3": 0.88382,
        "ndcg_at_5": 0.89428,
        "ndcg_at_10": 0.90225,
        "ndcg_at_20": 0.90597,
        "ndcg_at_100": 0.90853,
        "ndcg_at_1000": 0.90853,
        "map_at_1": 0.8262,
        "map_at_3": 0.87008,
        "map_at_5": 0.87589,
        "map_at_10": 0.87924,
        "map_at_20": 0.88029,
        "map_at_100": 0.88074,
        "map_at_1000": 0.88074,
        "recall_at_1": 0.8262,
        "recall_at_3": 0.9234,
        "recall_at_5": 0.9488,
        "recall_at_10": 0.9731,
        "recall_at_20": 0.9876,
        "recall_at_100": 1.0,
        "recall_at_1000": 1.0,
        "precision_at_1": 0.8262,
        "precision_at_3": 0.3078,
        "precision_at_5": 0.18976,
        "precision_at_10": 0.09731,
        "precision_at_20": 0.04938,
        "precision_at_100": 0.01,
        "precision_at_1000": 0.001,
        "mrr_at_1": 0.8317,
        "mrr_at_3": 0.874417,
        "mrr_at_5": 0.880052,
        "mrr_at_10": 0.883297,
        "mrr_at_20": 0.884267,
        "mrr_at_100": 0.884688,
        "mrr_at_1000": 0.884688,
        "nauc_ndcg_at_1_max": 0.583559,
        "nauc_ndcg_at_1_std": -0.002568,
        "nauc_ndcg_at_1_diff1": 0.878474,
        "nauc_ndcg_at_3_max": 0.596213,
        "nauc_ndcg_at_3_std": 0.020702,
        "nauc_ndcg_at_3_diff1": 0.863221,
        "nauc_ndcg_at_5_max": 0.591072,
        "nauc_ndcg_at_5_std": 0.011998,
        "nauc_ndcg_at_5_diff1": 0.867997,
        "nauc_ndcg_at_10_max": 0.588365,
        "nauc_ndcg_at_10_std": 0.002044,
        "nauc_ndcg_at_10_diff1": 0.87001,
        "nauc_ndcg_at_20_max": 0.585893,
        "nauc_ndcg_at_20_std": -0.001927,
        "nauc_ndcg_at_20_diff1": 0.871806,
        "nauc_ndcg_at_100_max": 0.58859,
        "nauc_ndcg_at_100_std": 0.007433,
        "nauc_ndcg_at_100_diff1": 0.870055,
        "nauc_ndcg_at_1000_max": 0.58859,
        "nauc_ndcg_at_1000_std": 0.007433,
        "nauc_ndcg_at_1000_diff1": 0.870055,
        "nauc_map_at_1_max": 0.583559,
        "nauc_map_at_1_std": -0.002568,
        "nauc_map_at_1_diff1": 0.878474,
        "nauc_map_at_3_max": 0.592263,
        "nauc_map_at_3_std": 0.014067,
        "nauc_map_at_3_diff1": 0.867036,
        "nauc_map_at_5_max": 0.589602,
        "nauc_map_at_5_std": 0.009436,
        "nauc_map_at_5_diff1": 0.869515,
        "nauc_map_at_10_max": 0.588734,
        "nauc_map_at_10_std": 0.006507,
        "nauc_map_at_10_diff1": 0.870291,
        "nauc_map_at_20_max": 0.588161,
        "nauc_map_at_20_std": 0.005714,
        "nauc_map_at_20_diff1": 0.870665,
        "nauc_map_at_100_max": 0.58853,
        "nauc_map_at_100_std": 0.007304,
        "nauc_map_at_100_diff1": 0.870416,
        "nauc_map_at_1000_max": 0.58853,
        "nauc_map_at_1000_std": 0.007304,
        "nauc_map_at_1000_diff1": 0.870416,
        "nauc_recall_at_1_max": 0.583559,
        "nauc_recall_at_1_std": -0.002568,
        "nauc_recall_at_1_diff1": 0.878474,
        "nauc_recall_at_3_max": 0.614777,
        "nauc_recall_at_3_std": 0.051445,
        "nauc_recall_at_3_diff1": 0.845941,
        "nauc_recall_at_5_max": 0.599337,
        "nauc_recall_at_5_std": 0.026228,
        "nauc_recall_at_5_diff1": 0.860265,
        "nauc_recall_at_10_max": 0.575752,
        "nauc_recall_at_10_std": -0.079636,
        "nauc_recall_at_10_diff1": 0.873757,
        "nauc_recall_at_20_max": 0.492591,
        "nauc_recall_at_20_std": -0.291045,
        "nauc_recall_at_20_diff1": 0.93112,
        "nauc_recall_at_100_max": NaN,
        "nauc_recall_at_100_std": NaN,
        "nauc_recall_at_100_diff1": NaN,
        "nauc_recall_at_1000_max": NaN,
        "nauc_recall_at_1000_std": NaN,
        "nauc_recall_at_1000_diff1": NaN,
        "nauc_precision_at_1_max": 0.583559,
        "nauc_precision_at_1_std": -0.002568,
        "nauc_precision_at_1_diff1": 0.878474,
        "nauc_precision_at_3_max": 0.614777,
        "nauc_precision_at_3_std": 0.051445,
        "nauc_precision_at_3_diff1": 0.845941,
        "nauc_precision_at_5_max": 0.599337,
        "nauc_precision_at_5_std": 0.026228,
        "nauc_precision_at_5_diff1": 0.860265,
        "nauc_precision_at_10_max": 0.575752,
        "nauc_precision_at_10_std": -0.079636,
        "nauc_precision_at_10_diff1": 0.873757,
        "nauc_precision_at_20_max": 0.492591,
        "nauc_precision_at_20_std": -0.291045,
        "nauc_precision_at_20_diff1": 0.93112,
        "nauc_precision_at_100_max": 1.0,
        "nauc_precision_at_100_std": 1.0,
        "nauc_precision_at_100_diff1": 1.0,
        "nauc_precision_at_1000_max": 1.0,
        "nauc_precision_at_1000_std": 1.0,
        "nauc_precision_at_1000_diff1": 1.0,
        "nauc_mrr_at_1_max": 0.583617,
        "nauc_mrr_at_1_std": 0.002744,
        "nauc_mrr_at_1_diff1": 0.870317,
        "nauc_mrr_at_3_max": 0.593251,
        "nauc_mrr_at_3_std": 0.014932,
        "nauc_mrr_at_3_diff1": 0.861053,
        "nauc_mrr_at_5_max": 0.590921,
        "nauc_mrr_at_5_std": 0.012712,
        "nauc_mrr_at_5_diff1": 0.863053,
        "nauc_mrr_at_10_max": 0.589692,
        "nauc_mrr_at_10_std": 0.007929,
        "nauc_mrr_at_10_diff1": 0.86351,
        "nauc_mrr_at_20_max": 0.589204,
        "nauc_mrr_at_20_std": 0.007703,
        "nauc_mrr_at_20_diff1": 0.86391,
        "nauc_mrr_at_100_max": 0.589527,
        "nauc_mrr_at_100_std": 0.009294,
        "nauc_mrr_at_100_diff1": 0.863659,
        "nauc_mrr_at_1000_max": 0.589527,
        "nauc_mrr_at_1000_std": 0.009294,
        "nauc_mrr_at_1000_diff1": 0.863659,
        "main_score": 0.90225,
        "hf_subset": "default",
        "languages": [
          "kor-Hang"
        ]
      }
    ]
  },
  "evaluation_time": 10320.632704496384,
  "kg_co2_emissions": null
}