{
  "dataset_revision": "main",
  "task_name": "SQuADKorV1Retrieval",
  "mteb_version": "1.38.1",
  "scores": {
    "test": [
      {
        "ndcg_at_1": 0.94596,
        "ndcg_at_3": 0.97716,
        "ndcg_at_5": 0.9781,
        "ndcg_at_10": 0.97827,
        "ndcg_at_20": 0.97832,
        "ndcg_at_100": 0.97832,
        "ndcg_at_1000": 0.97832,
        "map_at_1": 0.94596,
        "map_at_3": 0.97018,
        "map_at_5": 0.97071,
        "map_at_10": 0.97079,
        "map_at_20": 0.9708,
        "map_at_100": 0.9708,
        "map_at_1000": 0.9708,
        "recall_at_1": 0.94596,
        "recall_at_3": 0.99706,
        "recall_at_5": 0.99931,
        "recall_at_10": 0.99983,
        "recall_at_20": 1.0,
        "recall_at_100": 1.0,
        "recall_at_1000": 1.0,
        "precision_at_1": 0.94596,
        "precision_at_3": 0.33235,
        "precision_at_5": 0.19986,
        "precision_at_10": 0.09998,
        "precision_at_20": 0.05,
        "precision_at_100": 0.01,
        "precision_at_1000": 0.001,
        "mrr_at_1": 0.983893,
        "mrr_at_3": 0.990475,
        "mrr_at_5": 0.990804,
        "mrr_at_10": 0.990881,
        "mrr_at_20": 0.990893,
        "mrr_at_100": 0.990893,
        "mrr_at_1000": 0.990893,
        "nauc_ndcg_at_1_max": 0.145623,
        "nauc_ndcg_at_1_std": -1.059987,
        "nauc_ndcg_at_1_diff1": 0.939468,
        "nauc_ndcg_at_3_max": 0.173426,
        "nauc_ndcg_at_3_std": -1.063507,
        "nauc_ndcg_at_3_diff1": 0.930925,
        "nauc_ndcg_at_5_max": 0.16112,
        "nauc_ndcg_at_5_std": -1.071811,
        "nauc_ndcg_at_5_diff1": 0.935077,
        "nauc_ndcg_at_10_max": 0.162124,
        "nauc_ndcg_at_10_std": -1.067824,
        "nauc_ndcg_at_10_diff1": 0.935962,
        "nauc_ndcg_at_20_max": 0.160411,
        "nauc_ndcg_at_20_std": -1.066449,
        "nauc_ndcg_at_20_diff1": 0.935831,
        "nauc_ndcg_at_100_max": 0.160411,
        "nauc_ndcg_at_100_std": -1.066449,
        "nauc_ndcg_at_100_diff1": 0.935831,
        "nauc_ndcg_at_1000_max": 0.160411,
        "nauc_ndcg_at_1000_std": -1.066449,
        "nauc_ndcg_at_1000_diff1": 0.935831,
        "nauc_map_at_1_max": 0.145623,
        "nauc_map_at_1_std": -1.059987,
        "nauc_map_at_1_diff1": 0.939468,
        "nauc_map_at_3_max": 0.164581,
        "nauc_map_at_3_std": -1.063393,
        "nauc_map_at_3_diff1": 0.933953,
        "nauc_map_at_5_max": 0.15905,
        "nauc_map_at_5_std": -1.067389,
        "nauc_map_at_5_diff1": 0.93585,
        "nauc_map_at_10_max": 0.159542,
        "nauc_map_at_10_std": -1.066004,
        "nauc_map_at_10_diff1": 0.936122,
        "nauc_map_at_20_max": 0.159186,
        "nauc_map_at_20_std": -1.065718,
        "nauc_map_at_20_diff1": 0.936095,
        "nauc_map_at_100_max": 0.159186,
        "nauc_map_at_100_std": -1.065718,
        "nauc_map_at_100_diff1": 0.936095,
        "nauc_map_at_1000_max": 0.159186,
        "nauc_map_at_1000_std": -1.065718,
        "nauc_map_at_1000_diff1": 0.936095,
        "nauc_recall_at_1_max": 0.145623,
        "nauc_recall_at_1_std": -1.059987,
        "nauc_recall_at_1_diff1": 0.939468,
        "nauc_recall_at_3_max": 0.4181,
        "nauc_recall_at_3_std": -1.060877,
        "nauc_recall_at_3_diff1": 0.845392,
        "nauc_recall_at_5_max": 0.314932,
        "nauc_recall_at_5_std": -1.593113,
        "nauc_recall_at_5_diff1": 0.865202,
        "nauc_recall_at_10_max": 1.0,
        "nauc_recall_at_10_std": -1.740274,
        "nauc_recall_at_10_diff1": 1.0,
        "nauc_recall_at_20_max": NaN,
        "nauc_recall_at_20_std": NaN,
        "nauc_recall_at_20_diff1": NaN,
        "nauc_recall_at_100_max": NaN,
        "nauc_recall_at_100_std": NaN,
        "nauc_recall_at_100_diff1": NaN,
        "nauc_recall_at_1000_max": NaN,
        "nauc_recall_at_1000_std": NaN,
        "nauc_recall_at_1000_diff1": NaN,
        "nauc_precision_at_1_max": 0.145623,
        "nauc_precision_at_1_std": -1.059987,
        "nauc_precision_at_1_diff1": 0.939468,
        "nauc_precision_at_3_max": 0.4181,
        "nauc_precision_at_3_std": -1.060877,
        "nauc_precision_at_3_diff1": 0.845392,
        "nauc_precision_at_5_max": 0.314932,
        "nauc_precision_at_5_std": -1.593113,
        "nauc_precision_at_5_diff1": 0.865202,
        "nauc_precision_at_10_max": 1.0,
        "nauc_precision_at_10_std": -1.740274,
        "nauc_precision_at_10_diff1": 1.0,
        "nauc_precision_at_20_max": 1.0,
        "nauc_precision_at_20_std": 1.0,
        "nauc_precision_at_20_diff1": 1.0,
        "nauc_precision_at_100_max": NaN,
        "nauc_precision_at_100_std": NaN,
        "nauc_precision_at_100_diff1": NaN,
        "nauc_precision_at_1000_max": 1.0,
        "nauc_precision_at_1000_std": 1.0,
        "nauc_precision_at_1000_diff1": 1.0,
        "nauc_mrr_at_1_max": 0.679465,
        "nauc_mrr_at_1_std": -0.584315,
        "nauc_mrr_at_1_diff1": 0.796924,
        "nauc_mrr_at_3_max": 0.675897,
        "nauc_mrr_at_3_std": -0.587934,
        "nauc_mrr_at_3_diff1": 0.793649,
        "nauc_mrr_at_5_max": 0.676196,
        "nauc_mrr_at_5_std": -0.598307,
        "nauc_mrr_at_5_diff1": 0.796101,
        "nauc_mrr_at_10_max": 0.682136,
        "nauc_mrr_at_10_std": -0.589911,
        "nauc_mrr_at_10_diff1": 0.795794,
        "nauc_mrr_at_20_max": 0.681705,
        "nauc_mrr_at_20_std": -0.588348,
        "nauc_mrr_at_20_diff1": 0.795517,
        "nauc_mrr_at_100_max": 0.681705,
        "nauc_mrr_at_100_std": -0.588348,
        "nauc_mrr_at_100_diff1": 0.795517,
        "nauc_mrr_at_1000_max": 0.681705,
        "nauc_mrr_at_1000_std": -0.588348,
        "nauc_mrr_at_1000_diff1": 0.795517,
        "main_score": 0.97827,
        "hf_subset": "default",
        "languages": [
          "kor-Hang"
        ]
      }
    ]
  },
  "evaluation_time": 33592.16708469391,
  "kg_co2_emissions": null
}