{
  "dataset_revision": "main",
  "task_name": "WebFAQRetrieval",
  "mteb_version": "1.38.1",
  "scores": {
    "test": [
      {
        "ndcg_at_1": 0.7422,
        "ndcg_at_3": 0.83704,
        "ndcg_at_5": 0.85326,
        "ndcg_at_10": 0.86243,
        "ndcg_at_20": 0.86712,
        "ndcg_at_100": 0.8697,
        "ndcg_at_1000": 0.8697,
        "map_at_1": 0.7422,
        "map_at_3": 0.81445,
        "map_at_5": 0.82352,
        "map_at_10": 0.82738,
        "map_at_20": 0.82869,
        "map_at_100": 0.82915,
        "map_at_1000": 0.82915,
        "recall_at_1": 0.7422,
        "recall_at_3": 0.9021,
        "recall_at_5": 0.9412,
        "recall_at_10": 0.9692,
        "recall_at_20": 0.9875,
        "recall_at_100": 1.0,
        "recall_at_1000": 1.0,
        "precision_at_1": 0.7422,
        "precision_at_3": 0.3007,
        "precision_at_5": 0.18824,
        "precision_at_10": 0.09692,
        "precision_at_20": 0.04938,
        "precision_at_100": 0.01,
        "precision_at_1000": 0.001,
        "mrr_at_1": 0.8645,
        "mrr_at_3": 0.89375,
        "mrr_at_5": 0.89872,
        "mrr_at_10": 0.901457,
        "mrr_at_20": 0.902615,
        "mrr_at_100": 0.903022,
        "mrr_at_1000": 0.903022,
        "nauc_ndcg_at_1_max": 0.165329,
        "nauc_ndcg_at_1_std": -0.607723,
        "nauc_ndcg_at_1_diff1": 0.741352,
        "nauc_ndcg_at_3_max": 0.210937,
        "nauc_ndcg_at_3_std": -0.65613,
        "nauc_ndcg_at_3_diff1": 0.701937,
        "nauc_ndcg_at_5_max": 0.216368,
        "nauc_ndcg_at_5_std": -0.652802,
        "nauc_ndcg_at_5_diff1": 0.708235,
        "nauc_ndcg_at_10_max": 0.216166,
        "nauc_ndcg_at_10_std": -0.645208,
        "nauc_ndcg_at_10_diff1": 0.712811,
        "nauc_ndcg_at_20_max": 0.207722,
        "nauc_ndcg_at_20_std": -0.638399,
        "nauc_ndcg_at_20_diff1": 0.716788,
        "nauc_ndcg_at_100_max": 0.201194,
        "nauc_ndcg_at_100_std": -0.639504,
        "nauc_ndcg_at_100_diff1": 0.717592,
        "nauc_ndcg_at_1000_max": 0.201194,
        "nauc_ndcg_at_1000_std": -0.639504,
        "nauc_ndcg_at_1000_diff1": 0.717592,
        "nauc_map_at_1_max": 0.165329,
        "nauc_map_at_1_std": -0.607723,
        "nauc_map_at_1_diff1": 0.741352,
        "nauc_map_at_3_max": 0.197509,
        "nauc_map_at_3_std": -0.643661,
        "nauc_map_at_3_diff1": 0.713434,
        "nauc_map_at_5_max": 0.199385,
        "nauc_map_at_5_std": -0.641426,
        "nauc_map_at_5_diff1": 0.717036,
        "nauc_map_at_10_max": 0.199028,
        "nauc_map_at_10_std": -0.638743,
        "nauc_map_at_10_diff1": 0.718842,
        "nauc_map_at_20_max": 0.197118,
        "nauc_map_at_20_std": -0.63726,
        "nauc_map_at_20_diff1": 0.719784,
        "nauc_map_at_100_max": 0.196172,
        "nauc_map_at_100_std": -0.637183,
        "nauc_map_at_100_diff1": 0.719897,
        "nauc_map_at_1000_max": 0.196172,
        "nauc_map_at_1000_std": -0.637183,
        "nauc_map_at_1000_diff1": 0.719897,
        "nauc_recall_at_1_max": 0.165329,
        "nauc_recall_at_1_std": -0.607723,
        "nauc_recall_at_1_diff1": 0.741352,
        "nauc_recall_at_3_max": 0.277258,
        "nauc_recall_at_3_std": -0.716304,
        "nauc_recall_at_3_diff1": 0.645239,
        "nauc_recall_at_5_max": 0.350531,
        "nauc_recall_at_5_std": -0.737517,
        "nauc_recall_at_5_diff1": 0.642502,
        "nauc_recall_at_10_max": 0.466555,
        "nauc_recall_at_10_std": -0.7155,
        "nauc_recall_at_10_diff1": 0.638698,
        "nauc_recall_at_20_max": 0.504717,
        "nauc_recall_at_20_std": -0.554409,
        "nauc_recall_at_20_diff1": 0.679182,
        "nauc_recall_at_100_max": NaN,
        "nauc_recall_at_100_std": NaN,
        "nauc_recall_at_100_diff1": NaN,
        "nauc_recall_at_1000_max": NaN,
        "nauc_recall_at_1000_std": NaN,
        "nauc_recall_at_1000_diff1": NaN,
        "nauc_precision_at_1_max": 0.165329,
        "nauc_precision_at_1_std": -0.607723,
        "nauc_precision_at_1_diff1": 0.741352,
        "nauc_precision_at_3_max": 0.277258,
        "nauc_precision_at_3_std": -0.716304,
        "nauc_precision_at_3_diff1": 0.645239,
        "nauc_precision_at_5_max": 0.350531,
        "nauc_precision_at_5_std": -0.737517,
        "nauc_precision_at_5_diff1": 0.642502,
        "nauc_precision_at_10_max": 0.466555,
        "nauc_precision_at_10_std": -0.7155,
        "nauc_precision_at_10_diff1": 0.638698,
        "nauc_precision_at_20_max": 0.504717,
        "nauc_precision_at_20_std": -0.554409,
        "nauc_precision_at_20_diff1": 0.679182,
        "nauc_precision_at_100_max": 1.0,
        "nauc_precision_at_100_std": 1.0,
        "nauc_precision_at_100_diff1": 1.0,
        "nauc_precision_at_1000_max": 1.0,
        "nauc_precision_at_1000_std": 1.0,
        "nauc_precision_at_1000_diff1": 1.0,
        "nauc_mrr_at_1_max": 0.462663,
        "nauc_mrr_at_1_std": -0.461892,
        "nauc_mrr_at_1_diff1": 0.457182,
        "nauc_mrr_at_3_max": 0.451463,
        "nauc_mrr_at_3_std": -0.531416,
        "nauc_mrr_at_3_diff1": 0.489737,
        "nauc_mrr_at_5_max": 0.45024,
        "nauc_mrr_at_5_std": -0.53293,
        "nauc_mrr_at_5_diff1": 0.48966,
        "nauc_mrr_at_10_max": 0.454649,
        "nauc_mrr_at_10_std": -0.527601,
        "nauc_mrr_at_10_diff1": 0.48841,
        "nauc_mrr_at_20_max": 0.454305,
        "nauc_mrr_at_20_std": -0.523903,
        "nauc_mrr_at_20_diff1": 0.487263,
        "nauc_mrr_at_100_max": 0.454118,
        "nauc_mrr_at_100_std": -0.522886,
        "nauc_mrr_at_100_diff1": 0.486542,
        "nauc_mrr_at_1000_max": 0.454118,
        "nauc_mrr_at_1000_std": -0.522886,
        "nauc_mrr_at_1000_diff1": 0.486542,
        "main_score": 0.86243,
        "hf_subset": "default",
        "languages": [
          "kor-Hang"
        ]
      }
    ]
  },
  "evaluation_time": 21666.947514533997,
  "kg_co2_emissions": null
}