{
  "dataset_revision": "main",
  "task_name": "SQuADKorV1Retrieval",
  "mteb_version": "1.38.1",
  "scores": {
    "test": [
      {
        "ndcg_at_1": 0.96398,
        "ndcg_at_3": 0.98384,
        "ndcg_at_5": 0.98455,
        "ndcg_at_10": 0.98505,
        "ndcg_at_20": 0.98509,
        "ndcg_at_100": 0.98512,
        "ndcg_at_1000": 0.98512,
        "map_at_1": 0.96398,
        "map_at_3": 0.97945,
        "map_at_5": 0.97984,
        "map_at_10": 0.98004,
        "map_at_20": 0.98005,
        "map_at_100": 0.98005,
        "map_at_1000": 0.98005,
        "recall_at_1": 0.96398,
        "recall_at_3": 0.99636,
        "recall_at_5": 0.99809,
        "recall_at_10": 0.99965,
        "recall_at_20": 0.99983,
        "recall_at_100": 1.0,
        "recall_at_1000": 1.0,
        "precision_at_1": 0.96398,
        "precision_at_3": 0.33212,
        "precision_at_5": 0.19962,
        "precision_at_10": 0.09997,
        "precision_at_20": 0.04999,
        "precision_at_100": 0.01,
        "precision_at_1000": 0.001,
        "mrr_at_1": 0.972809,
        "mrr_at_3": 0.984153,
        "mrr_at_5": 0.984499,
        "mrr_at_10": 0.984704,
        "mrr_at_20": 0.984713,
        "mrr_at_100": 0.98472,
        "mrr_at_1000": 0.98472,
        "nauc_ndcg_at_1_max": 0.476264,
        "nauc_ndcg_at_1_std": -0.564872,
        "nauc_ndcg_at_1_diff1": 0.982405,
        "nauc_ndcg_at_3_max": 0.553666,
        "nauc_ndcg_at_3_std": -0.519171,
        "nauc_ndcg_at_3_diff1": 0.981435,
        "nauc_ndcg_at_5_max": 0.534913,
        "nauc_ndcg_at_5_std": -0.540095,
        "nauc_ndcg_at_5_diff1": 0.981151,
        "nauc_ndcg_at_10_max": 0.521003,
        "nauc_ndcg_at_10_std": -0.537764,
        "nauc_ndcg_at_10_diff1": 0.981944,
        "nauc_ndcg_at_20_max": 0.519737,
        "nauc_ndcg_at_20_std": -0.540651,
        "nauc_ndcg_at_20_diff1": 0.981896,
        "nauc_ndcg_at_100_max": 0.518547,
        "nauc_ndcg_at_100_std": -0.544467,
        "nauc_ndcg_at_100_diff1": 0.981851,
        "nauc_ndcg_at_1000_max": 0.518547,
        "nauc_ndcg_at_1000_std": -0.544467,
        "nauc_ndcg_at_1000_diff1": 0.981851,
        "nauc_map_at_1_max": 0.476264,
        "nauc_map_at_1_std": -0.564872,
        "nauc_map_at_1_diff1": 0.982405,
        "nauc_map_at_3_max": 0.527671,
        "nauc_map_at_3_std": -0.537484,
        "nauc_map_at_3_diff1": 0.981826,
        "nauc_map_at_5_max": 0.519216,
        "nauc_map_at_5_std": -0.547399,
        "nauc_map_at_5_diff1": 0.981699,
        "nauc_map_at_10_max": 0.514873,
        "nauc_map_at_10_std": -0.546393,
        "nauc_map_at_10_diff1": 0.981932,
        "nauc_map_at_20_max": 0.514663,
        "nauc_map_at_20_std": -0.54687,
        "nauc_map_at_20_diff1": 0.981924,
        "nauc_map_at_100_max": 0.514494,
        "nauc_map_at_100_std": -0.547407,
        "nauc_map_at_100_diff1": 0.981918,
        "nauc_map_at_1000_max": 0.514494,
        "nauc_map_at_1000_std": -0.547407,
        "nauc_map_at_1000_diff1": 0.981918,
        "nauc_recall_at_1_max": 0.476264,
        "nauc_recall_at_1_std": -0.564872,
        "nauc_recall_at_1_diff1": 0.982405,
        "nauc_recall_at_3_max": 0.961876,
        "nauc_recall_at_3_std": -0.222879,
        "nauc_recall_at_3_diff1": 0.975103,
        "nauc_recall_at_5_max": 0.962865,
        "nauc_recall_at_5_std": -0.336329,
        "nauc_recall_at_5_diff1": 0.964352,
        "nauc_recall_at_10_max": 1.0,
        "nauc_recall_at_10_std": 0.777084,
        "nauc_recall_at_10_diff1": 1.0,
        "nauc_recall_at_20_max": 1.0,
        "nauc_recall_at_20_std": 1.0,
        "nauc_recall_at_20_diff1": 1.0,
        "nauc_recall_at_100_max": NaN,
        "nauc_recall_at_100_std": NaN,
        "nauc_recall_at_100_diff1": NaN,
        "nauc_recall_at_1000_max": NaN,
        "nauc_recall_at_1000_std": NaN,
        "nauc_recall_at_1000_diff1": NaN,
        "nauc_precision_at_1_max": 0.476264,
        "nauc_precision_at_1_std": -0.564872,
        "nauc_precision_at_1_diff1": 0.982405,
        "nauc_precision_at_3_max": 0.961876,
        "nauc_precision_at_3_std": -0.222879,
        "nauc_precision_at_3_diff1": 0.975103,
        "nauc_precision_at_5_max": 0.962865,
        "nauc_precision_at_5_std": -0.336329,
        "nauc_precision_at_5_diff1": 0.964352,
        "nauc_precision_at_10_max": 1.0,
        "nauc_precision_at_10_std": 0.777084,
        "nauc_precision_at_10_diff1": 1.0,
        "nauc_precision_at_20_max": 1.0,
        "nauc_precision_at_20_std": 1.0,
        "nauc_precision_at_20_diff1": 1.0,
        "nauc_precision_at_100_max": NaN,
        "nauc_precision_at_100_std": NaN,
        "nauc_precision_at_100_diff1": NaN,
        "nauc_precision_at_1000_max": 1.0,
        "nauc_precision_at_1000_std": 1.0,
        "nauc_precision_at_1000_diff1": 1.0,
        "nauc_mrr_at_1_max": 0.775737,
        "nauc_mrr_at_1_std": -0.429241,
        "nauc_mrr_at_1_diff1": 0.976689,
        "nauc_mrr_at_3_max": 0.796827,
        "nauc_mrr_at_3_std": -0.416789,
        "nauc_mrr_at_3_diff1": 0.97643,
        "nauc_mrr_at_5_max": 0.793163,
        "nauc_mrr_at_5_std": -0.425145,
        "nauc_mrr_at_5_diff1": 0.976195,
        "nauc_mrr_at_10_max": 0.791105,
        "nauc_mrr_at_10_std": -0.421874,
        "nauc_mrr_at_10_diff1": 0.976456,
        "nauc_mrr_at_20_max": 0.790987,
        "nauc_mrr_at_20_std": -0.422427,
        "nauc_mrr_at_20_diff1": 0.976443,
        "nauc_mrr_at_100_max": 0.790892,
        "nauc_mrr_at_100_std": -0.423072,
        "nauc_mrr_at_100_diff1": 0.976432,
        "nauc_mrr_at_1000_max": 0.790892,
        "nauc_mrr_at_1000_std": -0.423072,
        "nauc_mrr_at_1000_diff1": 0.976432,
        "main_score": 0.98505,
        "hf_subset": "default",
        "languages": [
          "kor-Hang"
        ]
      }
    ]
  },
  "evaluation_time": 7904.448118925095,
  "kg_co2_emissions": null
}