{
  "dataset_revision": "main",
  "task_name": "WebFAQRetrieval",
  "mteb_version": "1.38.1",
  "scores": {
    "test": [
      {
        "ndcg_at_1": 0.7897,
        "ndcg_at_3": 0.85431,
        "ndcg_at_5": 0.8666,
        "ndcg_at_10": 0.87696,
        "ndcg_at_20": 0.88285,
        "ndcg_at_100": 0.88631,
        "ndcg_at_1000": 0.88631,
        "map_at_1": 0.7897,
        "map_at_3": 0.83887,
        "map_at_5": 0.84567,
        "map_at_10": 0.85005,
        "map_at_20": 0.85171,
        "map_at_100": 0.85232,
        "map_at_1000": 0.85232,
        "recall_at_1": 0.7897,
        "recall_at_3": 0.8988,
        "recall_at_5": 0.9287,
        "recall_at_10": 0.9602,
        "recall_at_20": 0.9832,
        "recall_at_100": 1.0,
        "recall_at_1000": 1.0,
        "precision_at_1": 0.7897,
        "precision_at_3": 0.2996,
        "precision_at_5": 0.18574,
        "precision_at_10": 0.09602,
        "precision_at_20": 0.04916,
        "precision_at_100": 0.01,
        "precision_at_1000": 0.001,
        "mrr_at_1": 0.8015,
        "mrr_at_3": 0.846133,
        "mrr_at_5": 0.852993,
        "mrr_at_10": 0.8573,
        "mrr_at_20": 0.858898,
        "mrr_at_100": 0.85947,
        "mrr_at_1000": 0.85947,
        "nauc_ndcg_at_1_max": 0.564905,
        "nauc_ndcg_at_1_std": 0.091159,
        "nauc_ndcg_at_1_diff1": 0.834262,
        "nauc_ndcg_at_3_max": 0.588313,
        "nauc_ndcg_at_3_std": 0.113506,
        "nauc_ndcg_at_3_diff1": 0.810553,
        "nauc_ndcg_at_5_max": 0.583612,
        "nauc_ndcg_at_5_std": 0.111494,
        "nauc_ndcg_at_5_diff1": 0.816233,
        "nauc_ndcg_at_10_max": 0.582842,
        "nauc_ndcg_at_10_std": 0.104895,
        "nauc_ndcg_at_10_diff1": 0.821404,
        "nauc_ndcg_at_20_max": 0.581911,
        "nauc_ndcg_at_20_std": 0.107028,
        "nauc_ndcg_at_20_diff1": 0.822385,
        "nauc_ndcg_at_100_max": 0.579869,
        "nauc_ndcg_at_100_std": 0.105633,
        "nauc_ndcg_at_100_diff1": 0.821559,
        "nauc_ndcg_at_1000_max": 0.579869,
        "nauc_ndcg_at_1000_std": 0.105633,
        "nauc_ndcg_at_1000_diff1": 0.821559,
        "nauc_map_at_1_max": 0.564905,
        "nauc_map_at_1_std": 0.091159,
        "nauc_map_at_1_diff1": 0.834262,
        "nauc_map_at_3_max": 0.581952,
        "nauc_map_at_3_std": 0.106582,
        "nauc_map_at_3_diff1": 0.817391,
        "nauc_map_at_5_max": 0.579321,
        "nauc_map_at_5_std": 0.105284,
        "nauc_map_at_5_diff1": 0.820345,
        "nauc_map_at_10_max": 0.578937,
        "nauc_map_at_10_std": 0.103022,
        "nauc_map_at_10_diff1": 0.822285,
        "nauc_map_at_20_max": 0.578718,
        "nauc_map_at_20_std": 0.103451,
        "nauc_map_at_20_diff1": 0.822572,
        "nauc_map_at_100_max": 0.578382,
        "nauc_map_at_100_std": 0.103576,
        "nauc_map_at_100_diff1": 0.822443,
        "nauc_map_at_1000_max": 0.578382,
        "nauc_map_at_1000_std": 0.103576,
        "nauc_map_at_1000_diff1": 0.822443,
        "nauc_recall_at_1_max": 0.564905,
        "nauc_recall_at_1_std": 0.091159,
        "nauc_recall_at_1_diff1": 0.834262,
        "nauc_recall_at_3_max": 0.615471,
        "nauc_recall_at_3_std": 0.143672,
        "nauc_recall_at_3_diff1": 0.781074,
        "nauc_recall_at_5_max": 0.607002,
        "nauc_recall_at_5_std": 0.147583,
        "nauc_recall_at_5_diff1": 0.794268,
        "nauc_recall_at_10_max": 0.618379,
        "nauc_recall_at_10_std": 0.11324,
        "nauc_recall_at_10_diff1": 0.822796,
        "nauc_recall_at_20_max": 0.640726,
        "nauc_recall_at_20_std": 0.181461,
        "nauc_recall_at_20_diff1": 0.84638,
        "nauc_recall_at_100_max": NaN,
        "nauc_recall_at_100_std": NaN,
        "nauc_recall_at_100_diff1": NaN,
        "nauc_recall_at_1000_max": NaN,
        "nauc_recall_at_1000_std": NaN,
        "nauc_recall_at_1000_diff1": NaN,
        "nauc_precision_at_1_max": 0.564905,
        "nauc_precision_at_1_std": 0.091159,
        "nauc_precision_at_1_diff1": 0.834262,
        "nauc_precision_at_3_max": 0.615471,
        "nauc_precision_at_3_std": 0.143672,
        "nauc_precision_at_3_diff1": 0.781074,
        "nauc_precision_at_5_max": 0.607002,
        "nauc_precision_at_5_std": 0.147583,
        "nauc_precision_at_5_diff1": 0.794268,
        "nauc_precision_at_10_max": 0.618379,
        "nauc_precision_at_10_std": 0.11324,
        "nauc_precision_at_10_diff1": 0.822796,
        "nauc_precision_at_20_max": 0.640726,
        "nauc_precision_at_20_std": 0.181461,
        "nauc_precision_at_20_diff1": 0.84638,
        "nauc_precision_at_100_max": 1.0,
        "nauc_precision_at_100_std": 1.0,
        "nauc_precision_at_100_diff1": 1.0,
        "nauc_precision_at_1000_max": 1.0,
        "nauc_precision_at_1000_std": 1.0,
        "nauc_precision_at_1000_diff1": 1.0,
        "nauc_mrr_at_1_max": 0.618446,
        "nauc_mrr_at_1_std": 0.111015,
        "nauc_mrr_at_1_diff1": 0.809986,
        "nauc_mrr_at_3_max": 0.616904,
        "nauc_mrr_at_3_std": 0.121058,
        "nauc_mrr_at_3_diff1": 0.800337,
        "nauc_mrr_at_5_max": 0.616143,
        "nauc_mrr_at_5_std": 0.119505,
        "nauc_mrr_at_5_diff1": 0.803052,
        "nauc_mrr_at_10_max": 0.616689,
        "nauc_mrr_at_10_std": 0.117401,
        "nauc_mrr_at_10_diff1": 0.804496,
        "nauc_mrr_at_20_max": 0.617056,
        "nauc_mrr_at_20_std": 0.118455,
        "nauc_mrr_at_20_diff1": 0.80442,
        "nauc_mrr_at_100_max": 0.616889,
        "nauc_mrr_at_100_std": 0.118533,
        "nauc_mrr_at_100_diff1": 0.804228,
        "nauc_mrr_at_1000_max": 0.616889,
        "nauc_mrr_at_1000_std": 0.118533,
        "nauc_mrr_at_1000_diff1": 0.804228,
        "main_score": 0.87696,
        "hf_subset": "default",
        "languages": [
          "kor-Hang"
        ]
      }
    ]
  },
  "evaluation_time": 9088.138975143433,
  "kg_co2_emissions": null
}