{
  "dataset_revision": "main",
  "task_name": "SQuADKorV1Retrieval",
  "mteb_version": "1.38.1",
  "scores": {
    "test": [
      {
        "ndcg_at_1": 0.96207,
        "ndcg_at_3": 0.98352,
        "ndcg_at_5": 0.98425,
        "ndcg_at_10": 0.98453,
        "ndcg_at_20": 0.98453,
        "ndcg_at_100": 0.98453,
        "ndcg_at_1000": 0.98453,
        "map_at_1": 0.96207,
        "map_at_3": 0.97867,
        "map_at_5": 0.97908,
        "map_at_10": 0.97919,
        "map_at_20": 0.97919,
        "map_at_100": 0.97919,
        "map_at_1000": 0.97919,
        "recall_at_1": 0.96207,
        "recall_at_3": 0.9974,
        "recall_at_5": 0.99913,
        "recall_at_10": 1.0,
        "recall_at_20": 1.0,
        "recall_at_100": 1.0,
        "recall_at_1000": 1.0,
        "precision_at_1": 0.96207,
        "precision_at_3": 0.33247,
        "precision_at_5": 0.19983,
        "precision_at_10": 0.1,
        "precision_at_20": 0.05,
        "precision_at_100": 0.01,
        "precision_at_1000": 0.001,
        "mrr_at_1": 0.983893,
        "mrr_at_3": 0.990417,
        "mrr_at_5": 0.990781,
        "mrr_at_10": 0.990902,
        "mrr_at_20": 0.990902,
        "mrr_at_100": 0.990902,
        "mrr_at_1000": 0.990902,
        "nauc_ndcg_at_1_max": 0.213002,
        "nauc_ndcg_at_1_std": -1.233372,
        "nauc_ndcg_at_1_diff1": 0.973962,
        "nauc_ndcg_at_3_max": 0.24734,
        "nauc_ndcg_at_3_std": -1.14819,
        "nauc_ndcg_at_3_diff1": 0.973691,
        "nauc_ndcg_at_5_max": 0.236093,
        "nauc_ndcg_at_5_std": -1.16419,
        "nauc_ndcg_at_5_diff1": 0.974896,
        "nauc_ndcg_at_10_max": 0.222564,
        "nauc_ndcg_at_10_std": -1.194149,
        "nauc_ndcg_at_10_diff1": 0.974437,
        "nauc_ndcg_at_20_max": 0.222564,
        "nauc_ndcg_at_20_std": -1.194149,
        "nauc_ndcg_at_20_diff1": 0.974437,
        "nauc_ndcg_at_100_max": 0.222564,
        "nauc_ndcg_at_100_std": -1.194149,
        "nauc_ndcg_at_100_diff1": 0.974437,
        "nauc_ndcg_at_1000_max": 0.222564,
        "nauc_ndcg_at_1000_std": -1.194149,
        "nauc_ndcg_at_1000_diff1": 0.974437,
        "nauc_map_at_1_max": 0.213002,
        "nauc_map_at_1_std": -1.233372,
        "nauc_map_at_1_diff1": 0.973962,
        "nauc_map_at_3_max": 0.230863,
        "nauc_map_at_3_std": -1.181013,
        "nauc_map_at_3_diff1": 0.974021,
        "nauc_map_at_5_max": 0.225503,
        "nauc_map_at_5_std": -1.188448,
        "nauc_map_at_5_diff1": 0.974544,
        "nauc_map_at_10_max": 0.221225,
        "nauc_map_at_10_std": -1.198066,
        "nauc_map_at_10_diff1": 0.974399,
        "nauc_map_at_20_max": 0.221225,
        "nauc_map_at_20_std": -1.198066,
        "nauc_map_at_20_diff1": 0.974399,
        "nauc_map_at_100_max": 0.221225,
        "nauc_map_at_100_std": -1.198066,
        "nauc_map_at_100_diff1": 0.974399,
        "nauc_map_at_1000_max": 0.221225,
        "nauc_map_at_1000_std": -1.198066,
        "nauc_map_at_1000_diff1": 0.974399,
        "nauc_recall_at_1_max": 0.213002,
        "nauc_recall_at_1_std": -1.233372,
        "nauc_recall_at_1_diff1": 0.973962,
        "nauc_recall_at_3_max": 0.643715,
        "nauc_recall_at_3_std": -0.382993,
        "nauc_recall_at_3_diff1": 0.965144,
        "nauc_recall_at_5_max": 0.973858,
        "nauc_recall_at_5_std": 0.451945,
        "nauc_recall_at_5_diff1": 1.0,
        "nauc_recall_at_10_max": NaN,
        "nauc_recall_at_10_std": NaN,
        "nauc_recall_at_10_diff1": NaN,
        "nauc_recall_at_20_max": NaN,
        "nauc_recall_at_20_std": NaN,
        "nauc_recall_at_20_diff1": NaN,
        "nauc_recall_at_100_max": NaN,
        "nauc_recall_at_100_std": NaN,
        "nauc_recall_at_100_diff1": NaN,
        "nauc_recall_at_1000_max": NaN,
        "nauc_recall_at_1000_std": NaN,
        "nauc_recall_at_1000_diff1": NaN,
        "nauc_precision_at_1_max": 0.213002,
        "nauc_precision_at_1_std": -1.233372,
        "nauc_precision_at_1_diff1": 0.973962,
        "nauc_precision_at_3_max": 0.643715,
        "nauc_precision_at_3_std": -0.382993,
        "nauc_precision_at_3_diff1": 0.965144,
        "nauc_precision_at_5_max": 0.973858,
        "nauc_precision_at_5_std": 0.451945,
        "nauc_precision_at_5_diff1": 1.0,
        "nauc_precision_at_10_max": 1.0,
        "nauc_precision_at_10_std": 1.0,
        "nauc_precision_at_10_diff1": 1.0,
        "nauc_precision_at_20_max": 1.0,
        "nauc_precision_at_20_std": 1.0,
        "nauc_precision_at_20_diff1": 1.0,
        "nauc_precision_at_100_max": NaN,
        "nauc_precision_at_100_std": NaN,
        "nauc_precision_at_100_diff1": NaN,
        "nauc_precision_at_1000_max": 1.0,
        "nauc_precision_at_1000_std": 1.0,
        "nauc_precision_at_1000_diff1": 1.0,
        "nauc_mrr_at_1_max": 0.682127,
        "nauc_mrr_at_1_std": -0.546603,
        "nauc_mrr_at_1_diff1": 0.938685,
        "nauc_mrr_at_3_max": 0.686123,
        "nauc_mrr_at_3_std": -0.503667,
        "nauc_mrr_at_3_diff1": 0.942568,
        "nauc_mrr_at_5_max": 0.690028,
        "nauc_mrr_at_5_std": -0.496447,
        "nauc_mrr_at_5_diff1": 0.942635,
        "nauc_mrr_at_10_max": 0.686195,
        "nauc_mrr_at_10_std": -0.509935,
        "nauc_mrr_at_10_diff1": 0.941868,
        "nauc_mrr_at_20_max": 0.686195,
        "nauc_mrr_at_20_std": -0.509935,
        "nauc_mrr_at_20_diff1": 0.941868,
        "nauc_mrr_at_100_max": 0.686195,
        "nauc_mrr_at_100_std": -0.509935,
        "nauc_mrr_at_100_diff1": 0.941868,
        "nauc_mrr_at_1000_max": 0.686195,
        "nauc_mrr_at_1000_std": -0.509935,
        "nauc_mrr_at_1000_diff1": 0.941868,
        "main_score": 0.98453,
        "hf_subset": "default",
        "languages": [
          "kor-Hang"
        ]
      }
    ]
  },
  "evaluation_time": 2719.2172813415527,
  "kg_co2_emissions": null
}