{
  "dataset_revision": "main",
  "task_name": "WebFAQRetrieval",
  "mteb_version": "1.38.1",
  "scores": {
    "test": [
      {
        "ndcg_at_1": 0.7746,
        "ndcg_at_3": 0.84876,
        "ndcg_at_5": 0.86398,
        "ndcg_at_10": 0.87395,
        "ndcg_at_20": 0.87911,
        "ndcg_at_100": 0.88179,
        "ndcg_at_1000": 0.88179,
        "map_at_1": 0.7746,
        "map_at_3": 0.8312,
        "map_at_5": 0.83968,
        "map_at_10": 0.84384,
        "map_at_20": 0.84531,
        "map_at_100": 0.84576,
        "map_at_1000": 0.84576,
        "recall_at_1": 0.7746,
        "recall_at_3": 0.8993,
        "recall_at_5": 0.9361,
        "recall_at_10": 0.9667,
        "recall_at_20": 0.9867,
        "recall_at_100": 1.0,
        "recall_at_1000": 1.0,
        "precision_at_1": 0.7746,
        "precision_at_3": 0.29977,
        "precision_at_5": 0.18722,
        "precision_at_10": 0.09667,
        "precision_at_20": 0.04934,
        "precision_at_100": 0.01,
        "precision_at_1000": 0.001,
        "mrr_at_1": 0.8433,
        "mrr_at_3": 0.874717,
        "mrr_at_5": 0.881482,
        "mrr_at_10": 0.884981,
        "mrr_at_20": 0.88634,
        "mrr_at_100": 0.886762,
        "mrr_at_1000": 0.886762,
        "nauc_ndcg_at_1_max": 0.260925,
        "nauc_ndcg_at_1_std": -0.475606,
        "nauc_ndcg_at_1_diff1": 0.747152,
        "nauc_ndcg_at_3_max": 0.300274,
        "nauc_ndcg_at_3_std": -0.43995,
        "nauc_ndcg_at_3_diff1": 0.701074,
        "nauc_ndcg_at_5_max": 0.301189,
        "nauc_ndcg_at_5_std": -0.447983,
        "nauc_ndcg_at_5_diff1": 0.707364,
        "nauc_ndcg_at_10_max": 0.29646,
        "nauc_ndcg_at_10_std": -0.454349,
        "nauc_ndcg_at_10_diff1": 0.71391,
        "nauc_ndcg_at_20_max": 0.29034,
        "nauc_ndcg_at_20_std": -0.452675,
        "nauc_ndcg_at_20_diff1": 0.716529,
        "nauc_ndcg_at_100_max": 0.289308,
        "nauc_ndcg_at_100_std": -0.454731,
        "nauc_ndcg_at_100_diff1": 0.718796,
        "nauc_ndcg_at_1000_max": 0.289308,
        "nauc_ndcg_at_1000_std": -0.454731,
        "nauc_ndcg_at_1000_diff1": 0.718796,
        "nauc_map_at_1_max": 0.260925,
        "nauc_map_at_1_std": -0.475606,
        "nauc_map_at_1_diff1": 0.747152,
        "nauc_map_at_3_max": 0.290355,
        "nauc_map_at_3_std": -0.449906,
        "nauc_map_at_3_diff1": 0.7144,
        "nauc_map_at_5_max": 0.290057,
        "nauc_map_at_5_std": -0.454545,
        "nauc_map_at_5_diff1": 0.718226,
        "nauc_map_at_10_max": 0.288187,
        "nauc_map_at_10_std": -0.456731,
        "nauc_map_at_10_diff1": 0.72068,
        "nauc_map_at_20_max": 0.286719,
        "nauc_map_at_20_std": -0.456291,
        "nauc_map_at_20_diff1": 0.721321,
        "nauc_map_at_100_max": 0.286553,
        "nauc_map_at_100_std": -0.456625,
        "nauc_map_at_100_diff1": 0.721671,
        "nauc_map_at_1000_max": 0.286553,
        "nauc_map_at_1000_std": -0.456625,
        "nauc_map_at_1000_diff1": 0.721671,
        "nauc_recall_at_1_max": 0.260925,
        "nauc_recall_at_1_std": -0.475606,
        "nauc_recall_at_1_diff1": 0.747152,
        "nauc_recall_at_3_max": 0.343646,
        "nauc_recall_at_3_std": -0.395637,
        "nauc_recall_at_3_diff1": 0.64143,
        "nauc_recall_at_5_max": 0.37467,
        "nauc_recall_at_5_std": -0.406726,
        "nauc_recall_at_5_diff1": 0.636936,
        "nauc_recall_at_10_max": 0.389426,
        "nauc_recall_at_10_std": -0.441939,
        "nauc_recall_at_10_diff1": 0.645186,
        "nauc_recall_at_20_max": 0.329641,
        "nauc_recall_at_20_std": -0.37501,
        "nauc_recall_at_20_diff1": 0.629041,
        "nauc_recall_at_100_max": NaN,
        "nauc_recall_at_100_std": NaN,
        "nauc_recall_at_100_diff1": NaN,
        "nauc_recall_at_1000_max": NaN,
        "nauc_recall_at_1000_std": NaN,
        "nauc_recall_at_1000_diff1": NaN,
        "nauc_precision_at_1_max": 0.260925,
        "nauc_precision_at_1_std": -0.475606,
        "nauc_precision_at_1_diff1": 0.747152,
        "nauc_precision_at_3_max": 0.343646,
        "nauc_precision_at_3_std": -0.395637,
        "nauc_precision_at_3_diff1": 0.64143,
        "nauc_precision_at_5_max": 0.37467,
        "nauc_precision_at_5_std": -0.406726,
        "nauc_precision_at_5_diff1": 0.636936,
        "nauc_precision_at_10_max": 0.389426,
        "nauc_precision_at_10_std": -0.441939,
        "nauc_precision_at_10_diff1": 0.645186,
        "nauc_precision_at_20_max": 0.329641,
        "nauc_precision_at_20_std": -0.37501,
        "nauc_precision_at_20_diff1": 0.629041,
        "nauc_precision_at_100_max": 1.0,
        "nauc_precision_at_100_std": 1.0,
        "nauc_precision_at_100_diff1": 1.0,
        "nauc_precision_at_1000_max": 1.0,
        "nauc_precision_at_1000_std": 1.0,
        "nauc_precision_at_1000_diff1": 1.0,
        "nauc_mrr_at_1_max": 0.550389,
        "nauc_mrr_at_1_std": -0.04963,
        "nauc_mrr_at_1_diff1": 0.581253,
        "nauc_mrr_at_3_max": 0.528398,
        "nauc_mrr_at_3_std": -0.098199,
        "nauc_mrr_at_3_diff1": 0.582594,
        "nauc_mrr_at_5_max": 0.530081,
        "nauc_mrr_at_5_std": -0.103232,
        "nauc_mrr_at_5_diff1": 0.58381,
        "nauc_mrr_at_10_max": 0.530206,
        "nauc_mrr_at_10_std": -0.101373,
        "nauc_mrr_at_10_diff1": 0.584177,
        "nauc_mrr_at_20_max": 0.530677,
        "nauc_mrr_at_20_std": -0.097591,
        "nauc_mrr_at_20_diff1": 0.58371,
        "nauc_mrr_at_100_max": 0.531328,
        "nauc_mrr_at_100_std": -0.096563,
        "nauc_mrr_at_100_diff1": 0.583641,
        "nauc_mrr_at_1000_max": 0.531328,
        "nauc_mrr_at_1000_std": -0.096563,
        "nauc_mrr_at_1000_diff1": 0.583641,
        "main_score": 0.87395,
        "hf_subset": "default",
        "languages": [
          "kor-Hang"
        ]
      }
    ]
  },
  "evaluation_time": 3227.7429497241974,
  "kg_co2_emissions": null
}