{
  "dataset_revision": "main",
  "task_name": "SQuADKorV1Retrieval",
  "mteb_version": "1.38.1",
  "scores": {
    "test": [
      {
        "ndcg_at_1": 0.96952,
        "ndcg_at_3": 0.98751,
        "ndcg_at_5": 0.98788,
        "ndcg_at_10": 0.988,
        "ndcg_at_20": 0.98804,
        "ndcg_at_100": 0.98804,
        "ndcg_at_1000": 0.98804,
        "map_at_1": 0.96952,
        "map_at_3": 0.9836,
        "map_at_5": 0.98381,
        "map_at_10": 0.98387,
        "map_at_20": 0.98388,
        "map_at_100": 0.98388,
        "map_at_1000": 0.98388,
        "recall_at_1": 0.96952,
        "recall_at_3": 0.99861,
        "recall_at_5": 0.99948,
        "recall_at_10": 0.99983,
        "recall_at_20": 1.0,
        "recall_at_100": 1.0,
        "recall_at_1000": 1.0,
        "precision_at_1": 0.96952,
        "precision_at_3": 0.33287,
        "precision_at_5": 0.1999,
        "precision_at_10": 0.09998,
        "precision_at_20": 0.05,
        "precision_at_100": 0.01,
        "precision_at_1000": 0.001,
        "mrr_at_1": 0.985625,
        "mrr_at_3": 0.991831,
        "mrr_at_5": 0.992039,
        "mrr_at_10": 0.992093,
        "mrr_at_20": 0.992105,
        "mrr_at_100": 0.992105,
        "mrr_at_1000": 0.992105,
        "nauc_ndcg_at_1_max": 0.431575,
        "nauc_ndcg_at_1_std": -1.1459,
        "nauc_ndcg_at_1_diff1": 0.963595,
        "nauc_ndcg_at_3_max": 0.475045,
        "nauc_ndcg_at_3_std": -1.080823,
        "nauc_ndcg_at_3_diff1": 0.955678,
        "nauc_ndcg_at_5_max": 0.459222,
        "nauc_ndcg_at_5_std": -1.104325,
        "nauc_ndcg_at_5_diff1": 0.95766,
        "nauc_ndcg_at_10_max": 0.453841,
        "nauc_ndcg_at_10_std": -1.125263,
        "nauc_ndcg_at_10_diff1": 0.960055,
        "nauc_ndcg_at_20_max": 0.451863,
        "nauc_ndcg_at_20_std": -1.123037,
        "nauc_ndcg_at_20_diff1": 0.959911,
        "nauc_ndcg_at_100_max": 0.451863,
        "nauc_ndcg_at_100_std": -1.123037,
        "nauc_ndcg_at_100_diff1": 0.959911,
        "nauc_ndcg_at_1000_max": 0.451863,
        "nauc_ndcg_at_1000_std": -1.123037,
        "nauc_ndcg_at_1000_diff1": 0.959911,
        "nauc_map_at_1_max": 0.431575,
        "nauc_map_at_1_std": -1.1459,
        "nauc_map_at_1_diff1": 0.963595,
        "nauc_map_at_3_max": 0.459156,
        "nauc_map_at_3_std": -1.107706,
        "nauc_map_at_3_diff1": 0.95856,
        "nauc_map_at_5_max": 0.452213,
        "nauc_map_at_5_std": -1.11844,
        "nauc_map_at_5_diff1": 0.95947,
        "nauc_map_at_10_max": 0.450393,
        "nauc_map_at_10_std": -1.125479,
        "nauc_map_at_10_diff1": 0.960253,
        "nauc_map_at_20_max": 0.449999,
        "nauc_map_at_20_std": -1.125039,
        "nauc_map_at_20_diff1": 0.960225,
        "nauc_map_at_100_max": 0.449999,
        "nauc_map_at_100_std": -1.125039,
        "nauc_map_at_100_diff1": 0.960225,
        "nauc_map_at_1000_max": 0.449999,
        "nauc_map_at_1000_std": -1.125039,
        "nauc_map_at_1000_diff1": 0.960225,
        "nauc_recall_at_1_max": 0.431575,
        "nauc_recall_at_1_std": -1.1459,
        "nauc_recall_at_1_diff1": 0.963595,
        "nauc_recall_at_3_max": 1.0,
        "nauc_recall_at_3_std": -0.174014,
        "nauc_recall_at_3_diff1": 0.860533,
        "nauc_recall_at_5_max": 1.0,
        "nauc_recall_at_5_std": 0.086575,
        "nauc_recall_at_5_diff1": 0.807819,
        "nauc_recall_at_10_max": 1.0,
        "nauc_recall_at_10_std": -1.740274,
        "nauc_recall_at_10_diff1": 1.0,
        "nauc_recall_at_20_max": NaN,
        "nauc_recall_at_20_std": NaN,
        "nauc_recall_at_20_diff1": NaN,
        "nauc_recall_at_100_max": NaN,
        "nauc_recall_at_100_std": NaN,
        "nauc_recall_at_100_diff1": NaN,
        "nauc_recall_at_1000_max": NaN,
        "nauc_recall_at_1000_std": NaN,
        "nauc_recall_at_1000_diff1": NaN,
        "nauc_precision_at_1_max": 0.431575,
        "nauc_precision_at_1_std": -1.1459,
        "nauc_precision_at_1_diff1": 0.963595,
        "nauc_precision_at_3_max": 1.0,
        "nauc_precision_at_3_std": -0.174014,
        "nauc_precision_at_3_diff1": 0.860533,
        "nauc_precision_at_5_max": 1.0,
        "nauc_precision_at_5_std": 0.086575,
        "nauc_precision_at_5_diff1": 0.807819,
        "nauc_precision_at_10_max": 1.0,
        "nauc_precision_at_10_std": -1.740274,
        "nauc_precision_at_10_diff1": 1.0,
        "nauc_precision_at_20_max": 1.0,
        "nauc_precision_at_20_std": 1.0,
        "nauc_precision_at_20_diff1": 1.0,
        "nauc_precision_at_100_max": NaN,
        "nauc_precision_at_100_std": NaN,
        "nauc_precision_at_100_diff1": NaN,
        "nauc_precision_at_1000_max": 1.0,
        "nauc_precision_at_1000_std": 1.0,
        "nauc_precision_at_1000_diff1": 1.0,
        "nauc_mrr_at_1_max": 0.749488,
        "nauc_mrr_at_1_std": -0.841605,
        "nauc_mrr_at_1_diff1": 0.922803,
        "nauc_mrr_at_3_max": 0.778662,
        "nauc_mrr_at_3_std": -0.788904,
        "nauc_mrr_at_3_diff1": 0.916827,
        "nauc_mrr_at_5_max": 0.772883,
        "nauc_mrr_at_5_std": -0.802408,
        "nauc_mrr_at_5_diff1": 0.917589,
        "nauc_mrr_at_10_max": 0.771344,
        "nauc_mrr_at_10_std": -0.814627,
        "nauc_mrr_at_10_diff1": 0.918902,
        "nauc_mrr_at_20_max": 0.770985,
        "nauc_mrr_at_20_std": -0.813177,
        "nauc_mrr_at_20_diff1": 0.918775,
        "nauc_mrr_at_100_max": 0.770985,
        "nauc_mrr_at_100_std": -0.813177,
        "nauc_mrr_at_100_diff1": 0.918775,
        "nauc_mrr_at_1000_max": 0.770985,
        "nauc_mrr_at_1000_std": -0.813177,
        "nauc_mrr_at_1000_diff1": 0.918775,
        "main_score": 0.988,
        "hf_subset": "default",
        "languages": [
          "kor-Hang"
        ]
      }
    ]
  },
  "evaluation_time": 69105.06532001495,
  "kg_co2_emissions": null
}