{
  "dataset_revision": "main",
  "task_name": "WebFAQRetrieval",
  "mteb_version": "1.38.1",
  "scores": {
    "test": [
      {
        "ndcg_at_1": 0.7767,
        "ndcg_at_3": 0.85652,
        "ndcg_at_5": 0.86983,
        "ndcg_at_10": 0.87896,
        "ndcg_at_20": 0.88349,
        "ndcg_at_100": 0.88577,
        "ndcg_at_1000": 0.88577,
        "map_at_1": 0.7767,
        "map_at_3": 0.8376,
        "map_at_5": 0.84504,
        "map_at_10": 0.84887,
        "map_at_20": 0.85011,
        "map_at_100": 0.85051,
        "map_at_1000": 0.85051,
        "recall_at_1": 0.7767,
        "recall_at_3": 0.911,
        "recall_at_5": 0.9431,
        "recall_at_10": 0.971,
        "recall_at_20": 0.9889,
        "recall_at_100": 1.0,
        "recall_at_1000": 1.0,
        "precision_at_1": 0.7767,
        "precision_at_3": 0.30367,
        "precision_at_5": 0.18862,
        "precision_at_10": 0.0971,
        "precision_at_20": 0.04945,
        "precision_at_100": 0.01,
        "precision_at_1000": 0.001,
        "mrr_at_1": 0.834,
        "mrr_at_3": 0.87395,
        "mrr_at_5": 0.879875,
        "mrr_at_10": 0.883182,
        "mrr_at_20": 0.884406,
        "mrr_at_100": 0.884759,
        "mrr_at_1000": 0.884759,
        "nauc_ndcg_at_1_max": 0.324168,
        "nauc_ndcg_at_1_std": -0.596231,
        "nauc_ndcg_at_1_diff1": 0.698381,
        "nauc_ndcg_at_3_max": 0.368883,
        "nauc_ndcg_at_3_std": -0.665289,
        "nauc_ndcg_at_3_diff1": 0.676521,
        "nauc_ndcg_at_5_max": 0.371446,
        "nauc_ndcg_at_5_std": -0.661311,
        "nauc_ndcg_at_5_diff1": 0.683786,
        "nauc_ndcg_at_10_max": 0.360608,
        "nauc_ndcg_at_10_std": -0.655324,
        "nauc_ndcg_at_10_diff1": 0.690519,
        "nauc_ndcg_at_20_max": 0.356947,
        "nauc_ndcg_at_20_std": -0.641615,
        "nauc_ndcg_at_20_diff1": 0.689379,
        "nauc_ndcg_at_100_max": 0.35387,
        "nauc_ndcg_at_100_std": -0.641175,
        "nauc_ndcg_at_100_diff1": 0.687543,
        "nauc_ndcg_at_1000_max": 0.35387,
        "nauc_ndcg_at_1000_std": -0.641175,
        "nauc_ndcg_at_1000_diff1": 0.687543,
        "nauc_map_at_1_max": 0.324168,
        "nauc_map_at_1_std": -0.596231,
        "nauc_map_at_1_diff1": 0.698381,
        "nauc_map_at_3_max": 0.354948,
        "nauc_map_at_3_std": -0.645594,
        "nauc_map_at_3_diff1": 0.682485,
        "nauc_map_at_5_max": 0.355634,
        "nauc_map_at_5_std": -0.64269,
        "nauc_map_at_5_diff1": 0.686128,
        "nauc_map_at_10_max": 0.351464,
        "nauc_map_at_10_std": -0.640154,
        "nauc_map_at_10_diff1": 0.688376,
        "nauc_map_at_20_max": 0.350711,
        "nauc_map_at_20_std": -0.637117,
        "nauc_map_at_20_diff1": 0.688125,
        "nauc_map_at_100_max": 0.350245,
        "nauc_map_at_100_std": -0.636822,
        "nauc_map_at_100_diff1": 0.687878,
        "nauc_map_at_1000_max": 0.350245,
        "nauc_map_at_1000_std": -0.636822,
        "nauc_map_at_1000_diff1": 0.687878,
        "nauc_recall_at_1_max": 0.324168,
        "nauc_recall_at_1_std": -0.596231,
        "nauc_recall_at_1_diff1": 0.698381,
        "nauc_recall_at_3_max": 0.43722,
        "nauc_recall_at_3_std": -0.760541,
        "nauc_recall_at_3_diff1": 0.647891,
        "nauc_recall_at_5_max": 0.487094,
        "nauc_recall_at_5_std": -0.793707,
        "nauc_recall_at_5_diff1": 0.670541,
        "nauc_recall_at_10_max": 0.47082,
        "nauc_recall_at_10_std": -0.849874,
        "nauc_recall_at_10_diff1": 0.740534,
        "nauc_recall_at_20_max": 0.495697,
        "nauc_recall_at_20_std": -0.628587,
        "nauc_recall_at_20_diff1": 0.775671,
        "nauc_recall_at_100_max": NaN,
        "nauc_recall_at_100_std": NaN,
        "nauc_recall_at_100_diff1": NaN,
        "nauc_recall_at_1000_max": NaN,
        "nauc_recall_at_1000_std": NaN,
        "nauc_recall_at_1000_diff1": NaN,
        "nauc_precision_at_1_max": 0.324168,
        "nauc_precision_at_1_std": -0.596231,
        "nauc_precision_at_1_diff1": 0.698381,
        "nauc_precision_at_3_max": 0.43722,
        "nauc_precision_at_3_std": -0.760541,
        "nauc_precision_at_3_diff1": 0.647891,
        "nauc_precision_at_5_max": 0.487094,
        "nauc_precision_at_5_std": -0.793707,
        "nauc_precision_at_5_diff1": 0.670541,
        "nauc_precision_at_10_max": 0.47082,
        "nauc_precision_at_10_std": -0.849874,
        "nauc_precision_at_10_diff1": 0.740534,
        "nauc_precision_at_20_max": 0.495697,
        "nauc_precision_at_20_std": -0.628587,
        "nauc_precision_at_20_diff1": 0.775671,
        "nauc_precision_at_100_max": 1.0,
        "nauc_precision_at_100_std": 1.0,
        "nauc_precision_at_100_diff1": 1.0,
        "nauc_precision_at_1000_max": 1.0,
        "nauc_precision_at_1000_std": 1.0,
        "nauc_precision_at_1000_diff1": 1.0,
        "nauc_mrr_at_1_max": 0.495962,
        "nauc_mrr_at_1_std": -0.486088,
        "nauc_mrr_at_1_diff1": 0.549335,
        "nauc_mrr_at_3_max": 0.505545,
        "nauc_mrr_at_3_std": -0.554146,
        "nauc_mrr_at_3_diff1": 0.565402,
        "nauc_mrr_at_5_max": 0.503937,
        "nauc_mrr_at_5_std": -0.553787,
        "nauc_mrr_at_5_diff1": 0.56719,
        "nauc_mrr_at_10_max": 0.501977,
        "nauc_mrr_at_10_std": -0.550057,
        "nauc_mrr_at_10_diff1": 0.56763,
        "nauc_mrr_at_20_max": 0.50222,
        "nauc_mrr_at_20_std": -0.544683,
        "nauc_mrr_at_20_diff1": 0.566058,
        "nauc_mrr_at_100_max": 0.502177,
        "nauc_mrr_at_100_std": -0.544174,
        "nauc_mrr_at_100_diff1": 0.565461,
        "nauc_mrr_at_1000_max": 0.502177,
        "nauc_mrr_at_1000_std": -0.544174,
        "nauc_mrr_at_1000_diff1": 0.565461,
        "main_score": 0.87896,
        "hf_subset": "default",
        "languages": [
          "kor-Hang"
        ]
      }
    ]
  },
  "evaluation_time": 38665.345220804214,
  "kg_co2_emissions": null
}